Company,Latest Report,Latest Close,180 Day Avg,Day's Price Change,1 Wk Price Chg %,4 Wk Price Chg %,12 Wk Price Chg %,YTD Price Chg %,1 Year Price Chg %,Market Cap,Paidup Capital,Reserves & Surplus,Revenue,Gross Profit,Net Income,Distributable Profit,Gross Margin MRQ %,SG&A Margin MRQ %,EBITDA Margin MRQ %,EBIT Margin MRQ %,Net Profit Margin MRQ %,Gross Margin TTM %,SG&A Margin TTM %,EBITDA Margin TTM %,EBIT Margin TTM %,Net Profit Margin TTM %,ROE (F) %,ROE (MRQ) %,ROE (TTM) %,ROA (F) %,ROA (MRQ) %,ROA (TTM)%,EPS (F),EPS (MRQ),EPS (TTM),EPS (D),Bookvalue,PE (D),PE (F),PE (MRQ),PE (TTM),PBV,Current Ratio,Quick Ratio,Debt to Asset,Equity Multiplier,Beta Weekly,Beta Monthly,VaR 1 Week @ 5%,VaR 1 Week @ 1%,VaR 1 Month @ 5%,VaR 1 Month @ 1%,"S.D of Returns [Wk, 1Y]%","Mean Returns [Wk, 1Y]%","Estimated Risk Return Trade Off [Wk, 1Y]%","Historical Probability of Current Returns [Wk, 1Y]%",RSI,Relative Strength %,50 day MA vs 200 day MA %,Price Vs 52 Week High %,MACD Crossover
Agriculture Development Bank,2025/26 Q4,296.60,311.58,-15.20,0.20%,-7.31%,-4.01%,0.54%,-3.13%,"41,094,595,570.40","19,738,231.09","19,168,096.67","20,974,502.04","9,121,508.26","2,630,641.83","572,659.22",44.99%,35.99%,0.00%,32.97%,22.37%,43.49%,27.16%,0.00%,18.80%,12.54%,6.94%,13.91%,6.96%,0.64%,1.21%,0.67%,16.11,32.30,16.11,16.11,233.99,18.41,18.41,9.18,18.41,1.26,0.00%,12.91%,90.74%,1079.86%,0.79,0.85,-1.18%,-1.68%,-10.30%,-14.48%,2.22%,-0.05%,-4440.00%,45.52%,35.90,1.45%,0.51%,-11.44%,-0.96
Api Power,2025/26 Q4,329.20,340.70,2.20,0.52%,-0.84%,-5.67%,17.68%,18.28%,"20,001,954,317.60","6,379,724.19","1,244,503.23","1,766,558.36","1,527,791.42","960,605.09",0.00,86.02%,1.59%,125.73%,102.88%,65.36%,86.48%,1.75%,112.32%,88.30%,54.38%,12.82%,16.13%,13.40%,6.99%,8.80%,7.29%,15.05,18.93,15.05,15.05,119.50,21.86,21.86,17.38,21.86,2.75,272.81%,40.61%,57.65%,181.76%,1.26,1.55,-1.71%,-2.44%,-16.46%,-23.68%,2.52%,0.34%,741.18%,47.15%,47.16,2.48%,4.39%,-9.61%,-0.52
Arun Kabeli Power Ltd.,2025/26 Q4,243.00,267.26,1.00,0.83%,-6.79%,-8.99%,-1.14%,-6.74%,"9,467,139,303.00","3,895,942.10","68,964.41","613,304.19","536,557.71","79,681.69",0.00,77.63%,6.81%,37.57%,-11.36%,-55.73%,87.49%,3.15%,86.49%,50.05%,12.99%,1.99%,-6.41%,2.01%,1.17%,-3.76%,1.20%,2.04,-6.58,2.04,2.04,101.77,118.81,118.81,-36.92,118.81,2.38,432.90%,42.74%,49.70%,170.09%,1.35,1.17,-1.88%,-2.67%,-14.38%,-20.30%,3.31%,-0.12%,-2758.33%,38.71%,36.12,-1.10%,-2.63%,-21.61%,-0.93
Arun Valley Hydropower Development,2025/26 Q4,248.50,277.49,-1.50,-1.19%,-7.24%,-10.29%,-4.65%,-8.61%,"9,562,287,455.00","4,040,403.15","392,135.80","287,047.95","240,411.69","137,892.44",0.00,67.82%,8.50%,66.57%,24.66%,7.26%,83.75%,3.34%,96.26%,62.50%,48.04%,3.10%,0.38%,3.13%,2.93%,0.36%,2.96%,3.41,0.41,3.41,3.41,109.70,72.81,72.81,596.64,72.81,2.26,5039.04%,2603.54%,6.17%,105.52%,1.35,1.42,-1.83%,-2.61%,-17.04%,-24.17%,3.42%,-0.17%,-2011.76%,61.84%,26.60,-2.40%,-3.63%,-21.58%,-1.49
Asian Life Insurance,2025/26 Q4,398.00,446.31,12.90,-1.68%,-6.37%,-12.14%,-9.15%,-12.07%,"19,904,614,014.00","5,251,217.16","526,725.17","14,256,928.25","1,801,939.31","414,200.48",0.00,10.70%,6.89%,3.81%,3.70%,1.59%,12.64%,6.59%,6.34%,6.20%,2.91%,7.21%,4.65%,7.56%,0.67%,0.43%,0.70%,7.88,5.08,7.88,7.88,120.12,50.45,50.45,78.20,50.45,3.61,0.00%,0.00%,89.88%,988.15%,1.00,1.25,-1.43%,-2.02%,-13.40%,-18.91%,2.57%,-0.25%,-1028.00%,71.24%,29.76,-5.40%,-4.50%,-20.24%,-2.08
Barun Hydropower,2025/26 Q4,308.50,340.08,7.10,-0.48%,-4.78%,-9.26%,-1.72%,-5.79%,"3,305,978,550.00","1,122,532.42","55,153.43","109,238.00","90,330.62","23,367.21",0.00,75.82%,1.79%,71.73%,46.99%,18.93%,82.69%,7.80%,74.22%,46.39%,21.39%,1.93%,2.12%,2.16%,1.62%,1.78%,1.77%,2.08,2.28,2.08,2.08,108.18,148.19,148.19,134.99,148.19,2.85,1941.22%,664.98%,19.15%,118.50%,1.09,0.91,-1.74%,-2.49%,-11.33%,-16.42%,3.55%,-0.06%,-5916.67%,54.82%,37.68,-1.38%,-5.08%,-21.50%,-1.02
Bishal Bazar,2022/23 Q4,"4,034.00","4,529.35",82.00,-0.40%,-5.08%,-7.26%,-16.29%,-22.42%,"161,763,400,000.00","4,010,000.00","1,161,068.96","180,120.86","170,736.40","147,361.91",-,94.79%,28.77%,111.94%,110.24%,81.81%,94.79%,28.77%,111.94%,110.24%,81.81%,5.70%,22.80%,7.23%,5.31%,21.25%,6.76%,3.67,14.69,3.67,3.67,128.95,"1,097.71","1,097.71",274.43,"1,097.71",31.28,411.71%,411.71%,0.00%,107.30%,0.99,0.70,-1.91%,-2.72%,-12.36%,-17.30%,3.03%,-0.50%,-606.00%,48.68%,37.51,-1.97%,-9.96%,-26.64%,-13.46
Bottlers Nepal (Balaju),2025/26 Q4,"14,800.00","14,995.20",0.00,-0.34%,3.76%,2.78%,-8.92%,-7.97%,"28,843,527,600.00","194,889.00","6,939,748.00","12,053,168.00","3,918,816.00","878,391.00",0.00,39.26%,16.68%,22.58%,22.58%,15.28%,32.51%,20.95%,15.86%,15.86%,7.29%,12.96%,38.84%,13.50%,6.37%,19.09%,6.49%,450.71,"1,351.41",450.71,450.71,"3,660.87",32.83,32.83,10.95,32.83,4.04,126.32%,79.98%,46.04%,185.34%,0.22,0.20,-1.99%,-2.86%,-25.43%,-37.43%,3.22%,-0.17%,-1894.12%,52.11%,50.24,10.66%,-7.71%,-12.51%,23.41
Bottlers Nepal (Terai),2025/26 Q4,"11,650.00","11,700.22",0.00,1.26%,-0.43%,0.43%,-1.27%,-0.10%,"14,096,500,000.00","121,000.00","4,077,905.00","8,838,064.00","2,814,131.00","659,281.00",0.00,36.59%,19.78%,16.81%,16.81%,12.00%,31.84%,20.99%,17.36%,17.36%,7.46%,16.49%,38.24%,17.36%,7.46%,17.30%,7.47%,544.86,"1,263.57",544.86,544.86,"3,470.16",21.38,21.38,9.21,21.38,3.35,97.28%,45.87%,48.53%,194.29%,0.74,0.62,-1.90%,-2.70%,-9.06%,-12.96%,2.13%,-0.01%,-21300.00%,27.71%,50.74,8.32%,-0.34%,-6.05%,-1.40
Butwal Power,2025/26 Q4,644.00,679.90,7.00,0.63%,-1.53%,-4.73%,-13.57%,-19.65%,"21,954,376,024.00","3,409,065.00","3,987,618.00","801,615.00","359,859.00","335,442.00",0.00,24.55%,21.70%,26.41%,26.41%,20.19%,44.89%,20.01%,52.64%,52.64%,41.85%,4.56%,1.96%,4.59%,4.53%,1.95%,4.56%,9.83,4.23,9.83,9.83,216.97,65.44,65.44,151.93,65.44,2.96,1345.69%,255.70%,6.38%,100.47%,1.20,1.17,-1.87%,-2.66%,-16.66%,-24.00%,3.60%,-0.41%,-878.05%,38.74%,46.89,2.61%,-6.90%,-21.84%,-0.50
Central Finance,2025/26 Q4,635.00,579.17,57.00,9.67%,-6.62%,-3.20%,35.11%,26.97%,"6,025,360,060.00","948,875.45","210,132.97","639,321.27","219,534.61","127,549.15","88,710.64",34.71%,29.45%,0.00%,81.78%,57.24%,34.34%,27.04%,0.00%,28.50%,19.95%,11.35%,32.27%,11.61%,1.28%,3.65%,1.34%,13.44,38.19,13.44,13.44,122.14,47.23,47.23,16.62,47.23,5.19,0.00%,58.18%,88.34%,857.52%,1.66,1.51,-2.40%,-3.42%,-16.98%,-24.24%,4.73%,0.50%,946.00%,3.25%,56.77,8.68%,13.61%,-6.62%,-2.52
Chhimek Laghubitta Bikas Bank,2025/26 Q4,930.50,924.34,3.50,-0.27%,0.05%,1.47%,-0.16%,1.88%,"29,918,793,599.50","3,617,264.10","5,464,086.63","6,717,349.50","3,008,419.12","1,298,965.53",0.00,44.58%,19.99%,0.00%,30.32%,21.73%,44.79%,23.68%,0.00%,27.06%,19.34%,14.57%,17.61%,15.06%,2.26%,2.73%,2.36%,35.91,43.40,35.91,35.91,251.05,25.91,25.91,21.43,25.91,3.70,-3.83%,24.62%,84.25%,634.95%,0.87,0.82,-1.32%,-1.87%,-8.96%,-12.77%,1.57%,0.05%,3140.00%,58.08%,49.21,8.92%,0.87%,-4.63%,-1.47
Chhyangdi Hydropower Ltd.,2025/26 Q4,249.80,282.67,9.80,-3.55%,-9.00%,-12.93%,-2.69%,-4.02%,"1,933,339,590.00","773,955.00","-194,522.97","176,038.94","137,044.30","13,317.65",0.00,65.12%,19.21%,45.91%,11.68%,-15.21%,77.85%,10.50%,67.36%,39.72%,7.57%,2.03%,-3.40%,2.35%,1.03%,-1.73%,1.08%,1.72,-2.87,1.72,1.72,84.29,145.17,145.17,-86.80,145.17,2.96,207.61%,202.79%,52.46%,196.23%,1.23,0.98,-1.93%,-2.74%,-13.06%,-18.55%,4.19%,0.05%,8380.00%,80.95%,36.99,-6.27%,-4.70%,-23.37%,-2.63
Chilime Hydropower,2025/26 Q4,377.00,483.30,5.00,-11.71%,-23.53%,-21.96%,-19.96%,-18.69%,"33,109,638,198.00","9,484,988.68","2,267,245.51","1,167,632.06","912,434.69","720,059.19",0.00,70.48%,-4.23%,78.35%,73.13%,76.48%,78.14%,6.58%,73.95%,66.67%,61.67%,6.20%,9.06%,6.23%,6.04%,8.82%,6.07%,7.59,11.09,7.59,7.59,123.90,49.66,49.66,33.98,49.66,3.04,8263.48%,2462.44%,3.60%,102.66%,0.97,1.05,-1.41%,-2.00%,-11.21%,-16.06%,3.01%,-0.40%,-752.50%,100.00%,17.47,-16.01%,-0.03%,-26.65%,-13.10
Citizen Bank International,2025/26 Q4,197.20,205.19,2.20,1.18%,-3.76%,-2.13%,-0.80%,0.09%,"29,124,493,833.20","15,507,463.61","9,384,183.23","15,011,949.88","6,293,653.94","2,098,603.03","522,158.41",43.19%,26.47%,0.00%,46.87%,21.19%,41.92%,23.37%,0.00%,23.99%,13.98%,8.55%,12.91%,8.90%,0.81%,1.23%,0.84%,13.53,20.43,13.53,13.53,160.51,14.57,14.57,9.65,14.57,1.22,0.00%,11.39%,90.74%,1079.42%,0.97,0.94,-1.40%,-1.99%,-11.33%,-15.82%,2.53%,0.01%,25300.00%,32.33%,45.09,5.27%,-0.28%,-16.09%,-0.98
Citizen Investment Trust,2025/26 Q4,"1,656.70","1,749.42",-9.30,-0.20%,-3.12%,-5.05%,-4.79%,-8.77%,"107,382,532,644.20","6,805,798.00","12,716,331.00","2,250,080.00","2,166,548.00","1,350,310.00",0.00,86.29%,0.00%,79.71%,79.71%,59.78%,87.08%,0.00%,80.06%,80.06%,60.01%,6.92%,7.47%,6.06%,0.39%,0.42%,0.41%,19.84,21.40,19.84,19.84,286.84,83.50,83.50,77.38,83.50,5.77,987.49%,987.49%,94.73%,1896.72%,0.84,0.96,-1.16%,-1.65%,-9.92%,-14.07%,1.38%,-0.18%,-766.67%,50.58%,33.19,2.29%,-3.09%,-12.25%,-5.55
Himalayan Laghubitta Bittiya Sanstha Limited,2025/26 Q4,858.90,895.62,9.90,-0.48%,-3.49%,-3.17%,-1.47%,-5.30%,"2,746,918,519.80","341,086.03","291,724.00","711,423.94","442,191.02","106,610.03",0.00,65.46%,55.35%,0.00%,19.35%,13.55%,62.16%,48.19%,0.00%,21.39%,14.99%,17.20%,16.49%,18.35%,1.79%,1.72%,1.81%,31.25,29.96,31.25,31.25,185.52,27.47,27.47,28.65,27.47,4.62,6.02%,84.91%,89.71%,971.38%,1.10,0.85,-2.18%,-3.09%,-17.14%,-24.33%,2.31%,-0.08%,-2887.50%,56.87%,43.91,3.33%,-1.67%,-13.59%,-2.21
Deprosc Laghubitta,2025/26 Q4,834.00,845.22,4.00,0.58%,0.36%,-0.26%,4.25%,4.76%,"15,581,505,240.00","2,055,114.26","2,607,244.38","3,687,342.44","2,185,676.22","989,443.90",0.00,60.96%,22.56%,0.00%,45.38%,31.36%,59.28%,26.28%,0.00%,39.01%,26.83%,21.93%,27.42%,23.35%,3.37%,4.22%,3.56%,48.14,60.20,48.14,48.14,226.86,17.32,17.32,13.85,17.32,3.67,-2.78%,16.61%,84.32%,637.80%,1.03,0.97,-1.53%,-2.17%,-10.73%,-15.14%,1.77%,0.11%,1609.09%,39.53%,48.22,6.00%,0.75%,-8.84%,-1.74
Dibyashwori Hydropower Ltd.,2025/26 Q4,270.00,298.49,-5.00,0.00%,-7.85%,-10.00%,-7.41%,-11.67%,"712,800,000.00","264,000.00","-241,875.77","104,418.84","99,202.39","14,555.04",0.00,95.65%,9.51%,86.14%,58.28%,28.44%,95.00%,10.32%,84.69%,52.73%,13.94%,82.05%,197.77%,88.27%,2.45%,5.90%,2.41%,5.51,13.28,5.51,5.51,8.38,48.97,48.97,20.31,48.97,32.21,23.05%,23.05%,122.94%,2691.82%,1.57,1.15,-2.36%,-3.37%,-15.51%,-21.90%,2.96%,-0.23%,-1286.96%,46.90%,40.01,-2.71%,-4.47%,-20.59%,-1.73
Everest Bank,2025/26 Q4,715.00,707.80,4.70,-2.05%,-2.05%,1.42%,9.66%,1.48%,"92,554,564,960.00","13,721,376.00","21,470,507.00","20,102,585.00","9,190,459.00","5,069,936.00","2,953,657.00",46.34%,15.44%,0.00%,48.78%,34.22%,45.72%,18.91%,0.00%,36.73%,25.22%,14.76%,20.27%,15.26%,1.33%,1.83%,1.35%,36.94,50.74,36.94,36.94,256.47,19.35,19.35,14.09,19.35,2.78,0.00%,20.12%,90.83%,1090.47%,0.73,0.80,-1.08%,-1.54%,-8.52%,-12.45%,1.60%,0.06%,2666.67%,90.95%,43.77,8.68%,4.07%,-2.99%,-3.23
Excel Development Bank,2025/26 Q4,575.00,583.08,11.00,1.23%,-2.69%,-1.41%,-0.33%,-8.74%,"7,185,743,375.00","1,249,694.47","972,925.90","1,213,900.10","648,818.32","309,400.74","192,323.67",64.15%,35.77%,0.00%,83.42%,42.26%,53.45%,30.94%,0.00%,44.45%,25.49%,13.68%,27.19%,14.35%,1.49%,2.96%,1.56%,24.75,49.19,24.75,24.75,177.85,23.22,23.22,11.68,23.22,3.23,0.00%,15.24%,89.58%,959.66%,1.19,1.10,-2.01%,-2.87%,-14.30%,-20.29%,2.69%,-0.16%,-1681.25%,30.40%,48.44,5.64%,-2.31%,-13.92%,-2.27
First Micro Finance Development Bank,2025/26 Q4,724.90,794.18,15.90,0.26%,-4.62%,-7.05%,-5.87%,-14.66%,"9,748,972,778.60","1,344,871.32","501,037.09","404,702.25","227,491.72","190,728.21",0.00,62.15%,-52.76%,0.00%,116.33%,81.22%,56.21%,-10.72%,0.00%,67.40%,47.13%,10.55%,17.04%,10.73%,3.33%,5.37%,3.18%,14.18,22.90,14.18,14.18,137.25,51.11,51.11,31.64,51.11,5.28,-55.72%,0.00%,67.59%,308.51%,1.35,1.26,-2.04%,-2.89%,-13.10%,-18.73%,4.12%,-0.28%,-1471.43%,44.79%,40.02,-0.21%,-4.13%,-25.50%,-5.65
Forward Community Microfinance Bittiya Sanstha Ltd.,2025/26 Q4,870.00,"1,035.98",-15.80,-1.92%,-7.74%,-15.57%,-19.75%,-23.17%,"10,404,798,930.00","1,195,953.71","2,135,642.79","2,958,558.77","1,517,725.66","623,582.57",0.00,53.97%,-19.19%,0.00%,81.74%,57.39%,51.30%,29.24%,0.00%,30.03%,21.08%,20.12%,59.48%,20.46%,2.64%,7.81%,2.71%,52.14,154.10,52.14,52.14,278.57,16.68,16.68,5.64,16.68,3.12,-11.38%,16.62%,86.16%,722.59%,0.92,0.65,-1.63%,-2.30%,-11.24%,-15.65%,4.33%,-0.49%,-883.67%,63.11%,29.38,-8.38%,-9.81%,-33.08%,-4.35
Garima Bikas Bank,2025/26 Q4,426.00,415.11,6.00,1.26%,2.65%,3.32%,11.23%,5.80%,"24,199,004,550.00","6,021,348.36","4,651,893.66","7,505,139.45","3,815,635.15","1,688,666.31","1,216,906.21",53.20%,19.31%,0.00%,55.97%,33.54%,50.84%,22.89%,0.00%,34.38%,22.50%,16.27%,24.68%,17.18%,1.53%,2.31%,1.58%,28.04,42.54,28.04,28.04,177.25,15.19,15.19,10.01,15.19,2.40,0.00%,7.13%,90.56%,1059.11%,1.15,0.92,-1.46%,-2.08%,-9.29%,-13.25%,1.92%,0.11%,1745.45%,27.63%,61.07,10.29%,2.45%,-3.18%,-0.62
Best Finance,2025/26 Q4,459.90,487.35,-3.10,1.10%,-9.11%,-13.06%,0.81%,-3.24%,"4,095,060,895.80","890,424.23","116,468.23","465,121.72","118,404.87","69,778.86","103,282.60",14.72%,40.27%,0.00%,26.11%,10.97%,25.46%,38.44%,0.00%,21.30%,15.00%,6.94%,4.39%,6.79%,0.93%,0.59%,0.95%,7.83,4.95,7.83,7.83,113.08,58.68,58.68,92.87,58.68,4.06,0.00%,46.26%,86.60%,746.22%,1.53,1.20,-2.26%,-3.22%,-14.39%,-20.42%,3.55%,-0.04%,-8875.00%,37.51%,36.11,-2.64%,4.15%,-14.80%,-1.10
Global Ime Bank,2025/26 Q4,249.90,242.26,4.90,2.80%,-1.30%,4.21%,10.09%,2.73%,"95,251,515,897.30","38,115,853.00","31,690,411.00","40,302,472.00","16,203,053.00","6,227,157.00","3,575,454.00",41.19%,18.02%,0.00%,26.49%,17.42%,40.20%,18.51%,0.00%,21.54%,15.45%,9.03%,10.60%,9.14%,0.78%,0.92%,0.83%,16.33,19.16,16.33,16.33,183.14,15.29,15.29,13.04,15.29,1.36,0.00%,17.80%,91.50%,1175.78%,0.76,0.80,-1.23%,-1.75%,-9.51%,-13.45%,2.04%,0.06%,3400.00%,9.28%,54.87,12.84%,4.45%,-4.69%,-1.19
Goodwill Finance,2025/26 Q4,570.00,629.24,0.00,0.35%,-5.64%,-12.05%,-3.39%,-7.26%,"5,392,856,640.00","946,115.20","1,050,277.93","1,026,603.36","313,737.48","141,529.37","224,328.42",0.97%,47.44%,0.00%,56.36%,23.96%,30.56%,24.37%,0.00%,18.99%,13.79%,7.15%,8.13%,6.98%,0.83%,0.94%,0.89%,14.95,16.99,14.95,14.95,211.00,38.10,38.10,33.54,38.10,2.70,0.00%,46.95%,87.66%,810.47%,1.56,1.78,-2.41%,-3.43%,-19.62%,-27.80%,3.70%,-0.14%,-2642.86%,44.73%,29.18,-6.91%,-2.85%,-21.05%,-2.11
Green Development Bank Ltd.,2025/26 Q4,957.90,"1,065.87",17.90,-1.20%,-10.64%,-9.84%,-16.25%,-9.11%,"5,457,141,931.50","615,500.00","140,542.66","508,432.02","246,145.87","72,385.80","51,479.61",57.90%,25.16%,0.00%,38.82%,27.18%,48.41%,23.60%,0.00%,20.34%,14.24%,9.82%,20.15%,10.24%,1.03%,2.11%,1.02%,11.76,24.14,11.76,11.76,122.83,81.45,81.45,39.68,81.45,7.79,0.00%,12.37%,89.56%,957.67%,1.56,1.23,-2.83%,-4.06%,-14.95%,-22.03%,4.51%,-0.15%,-3006.67%,59.20%,34.75,-2.17%,-2.87%,-24.57%,-7.51
Guheshowori Merchant Bank & Finance,2025/26 Q4,417.00,469.32,-1.00,1.48%,-10.11%,-15.07%,-7.93%,-11.37%,"4,220,773,920.00","1,012,176.00","582,528.00","612,954.00","210,424.00","46,163.00","14,177.00",28.26%,42.14%,0.00%,2.61%,0.48%,34.33%,27.06%,0.00%,10.97%,7.53%,2.80%,0.14%,2.84%,0.46%,0.02%,0.46%,4.56,0.23,4.56,4.56,157.55,91.43,91.43,"1,770.45",91.43,2.64,0.00%,55.32%,84.10%,629.09%,1.59,1.52,-2.34%,-3.33%,-16.56%,-23.45%,4.19%,-0.23%,-1821.74%,34.25%,33.86,-7.96%,-2.89%,-22.49%,-3.41
Gurkhas Finance Ltd.,2025/26 Q4,503.60,548.82,2.60,0.72%,-10.55%,-12.39%,0.72%,-3.77%,"4,371,216,273.20","867,993.80","585,247.42","695,399.62","313,307.48","219,401.55","253,763.61",52.78%,43.39%,0.00%,84.75%,50.10%,45.05%,37.99%,0.00%,51.91%,31.55%,15.54%,25.48%,16.84%,2.00%,3.28%,2.03%,25.27,41.44,25.27,25.27,167.42,19.92,19.92,12.15,19.92,3.00,0.00%,48.58%,86.99%,768.35%,1.41,0.98,-2.46%,-3.48%,-17.32%,-24.15%,4.62%,-0.04%,-11550.00%,43.47%,31.98,-5.44%,1.39%,-18.76%,-5.58
Himalayan Bank,2025/26 Q4,187.50,202.45,1.50,-1.06%,-4.97%,-5.78%,-1.57%,-7.38%,"40,606,154,625.00","22,581,662.53","17,496,261.13","22,758,925.82","8,810,162.43","1,480,385.46","-985,851.78",36.12%,22.05%,0.00%,26.84%,13.11%,38.71%,21.78%,0.00%,11.54%,6.50%,3.75%,7.28%,3.77%,0.36%,0.70%,0.37%,6.55,12.71,6.55,6.55,177.48,28.60,28.60,14.74,28.60,1.05,0.00%,27.80%,90.41%,1042.96%,0.92,0.99,-1.44%,-2.03%,-11.25%,-15.69%,2.45%,-0.15%,-1633.33%,64.48%,30.90,1.17%,-1.34%,-19.94%,-0.64
Himalayan Distillery,2025/26 Q4,"1,164.00","1,167.34",-13.00,0.17%,-0.68%,0.25%,0.68%,0.72%,"35,774,396,952.00","3,688,082.17","1,527,823.34","4,429,748.29","3,183,295.92","1,206,337.74",0.00,73.33%,33.01%,40.31%,38.02%,27.45%,71.86%,32.69%,18.27%,16.06%,27.23%,23.94%,28.19%,26.27%,20.79%,24.48%,22.94%,32.70,38.50,32.70,32.70,141.42,35.58,35.58,30.22,35.58,8.23,937.92%,785.94%,9.65%,110.68%,1.04,1.00,-1.61%,-2.28%,-12.65%,-17.82%,2.40%,0.02%,12000.00%,47.51%,47.89,7.54%,0.02%,-8.35%,-2.13
Himalayan Power Partner Ltd.,2025/26 Q4,363.80,389.39,7.80,-2.99%,-5.87%,-1.20%,6.56%,2.06%,"3,875,987,046.00","1,598,125.50","488,344.32","768,416.37","711,227.27","200,874.54",0.00,92.02%,2.55%,89.47%,60.58%,34.05%,92.56%,2.59%,89.97%,57.85%,26.14%,11.65%,17.38%,13.70%,4.02%,6.00%,3.94%,12.56,18.75,12.56,12.56,130.55,28.94,28.94,19.40,28.94,2.78,117.44%,108.58%,67.36%,240.05%,1.26,1.16,-2.25%,-3.20%,-14.80%,-21.06%,4.71%,0.04%,11775.00%,74.27%,39.85,5.11%,1.15%,-14.26%,-3.87
ICFC Finance,2025/26 Q4,583.60,625.45,-3.40,-0.26%,-4.25%,-8.24%,-6.92%,-9.59%,"6,906,736,756.00","1,183,470.96","1,057,107.68","1,803,299.71","645,421.02","264,224.94","109,808.37",40.62%,18.97%,0.00%,47.88%,34.04%,35.79%,20.16%,0.00%,20.80%,14.65%,12.20%,29.76%,12.34%,1.02%,2.48%,1.06%,22.32,54.45,22.32,22.32,189.32,26.13,26.13,10.71,26.13,3.08,0.00%,29.13%,91.44%,1168.78%,1.49,1.37,-2.14%,-3.04%,-15.36%,-21.71%,2.73%,-0.19%,-1436.84%,51.02%,38.25,-2.19%,-4.22%,-16.97%,-1.27
Hydroelectricity Investment and Development Company,2025/26 Q4,239.40,265.80,6.80,-1.07%,-6.12%,-9.18%,-7.53%,-13.06%,"58,796,193,279.60","24,928,211.00","3,152,596.00","1,034,371.00","1,005,560.00","679,337.00",0.00,88.28%,0.00%,78.84%,78.84%,53.82%,93.17%,0.00%,94.95%,94.95%,65.68%,2.42%,1.89%,2.41%,2.36%,1.84%,2.35%,2.72,2.12,2.72,2.72,112.64,87.84,87.84,112.72,87.84,2.12,3134.10%,3134.10%,2.59%,102.66%,1.48,1.61,-1.95%,-2.77%,-17.39%,-24.61%,3.25%,-0.26%,-1250.00%,59.96%,34.19,-1.77%,-3.98%,-20.47%,-1.68
Janaki Finance,2025/26 Q4,370.00,409.30,5.00,-2.25%,-4.91%,-12.11%,-9.93%,-17.77%,"2,554,749,360.00","690,472.80","-696,626.41","355,584.06","171,512.25","9,343.97","9,343.97",71.05%,50.89%,0.00%,29.72%,26.92%,48.23%,31.55%,0.00%,3.75%,2.63%,-36.83%,-605.96%,-57.31%,0.21%,3.40%,0.20%,1.35,22.26,1.35,1.35,-0.89,273.41,273.41,16.61,273.41,-415.16,0.00%,48.67%,100.14%,-72099.21%,1.48,1.19,-2.58%,-3.65%,-18.95%,-26.69%,2.63%,-0.36%,-730.56%,76.62%,33.24,-5.79%,-6.58%,-21.61%,-1.23
Janautthan Samudayic Laghubitta Bikas Bank,2025/26 Q4,925.00,"1,069.59",5.00,-1.80%,-6.09%,-14.83%,-21.48%,-22.93%,"1,573,350,075.00","170,091.90","127,734.59","281,142.76","151,415.29","18,206.96",0.00,63.43%,39.44%,0.00%,32.37%,9.21%,53.86%,46.98%,0.00%,15.11%,6.48%,6.19%,10.72%,6.36%,0.77%,1.34%,0.77%,10.70,18.55,10.70,10.70,175.09,86.41,86.41,49.86,86.41,5.28,0.22%,22.12%,87.61%,807.34%,1.03,0.75,-2.05%,-2.90%,-13.63%,-18.80%,2.76%,-0.53%,-520.75%,67.99%,36.67,-7.64%,-10.57%,-27.73%,-2.95
Jyoti Bikas Bank,2025/26 Q4,327.00,353.81,4.00,-1.51%,-5.22%,-7.63%,1.43%,-1.07%,"14,374,220,220.00","4,395,785.88","3,119,768.04","5,135,795.92","2,341,970.48","1,005,952.99","1,143,859.55",51.60%,18.58%,0.00%,61.93%,26.06%,45.60%,22.69%,0.00%,34.93%,19.59%,13.69%,20.49%,14.53%,1.30%,1.95%,1.35%,22.88,34.25,22.88,22.88,170.97,14.28,14.28,9.54,14.28,1.91,0.00%,14.33%,90.35%,1036.66%,1.42,1.07,-1.84%,-2.61%,-11.41%,-16.01%,2.40%,-0.01%,-24000.00%,73.54%,33.70,-1.26%,-1.13%,-16.37%,-0.90
Kalika Laghubitta Bittiya Sanstha,2025/26 Q4,763.00,854.26,7.90,-1.93%,-0.91%,-10.87%,-24.96%,-21.39%,"3,110,693,775.00","448,461.53","353,081.13","743,476.03","470,918.77","122,883.80",0.00,66.76%,0.49%,0.00%,77.48%,52.11%,63.34%,48.51%,0.00%,24.45%,16.53%,16.42%,57.83%,16.27%,2.17%,7.65%,2.26%,27.40,96.48,27.40,27.40,178.73,27.84,27.84,7.90,27.84,4.26,-19.26%,16.13%,86.15%,721.77%,1.00,0.86,-1.96%,-2.79%,-13.26%,-18.83%,2.89%,-0.47%,-614.89%,69.57%,41.71,-4.51%,-11.22%,-26.21%,-1.19
Kamana Sewa Bikas Bank Limited,2025/26 Q4,480.00,481.99,5.00,2.13%,1.05%,-1.84%,10.34%,-1.00%,"16,852,062,240.00","4,211,930.81","2,742,420.44","5,192,758.28","2,410,802.81","894,178.12","567,879.29",46.23%,18.24%,0.00%,41.75%,23.84%,46.43%,22.55%,0.00%,26.62%,17.22%,13.13%,17.94%,14.19%,1.20%,1.63%,1.23%,23.15,31.64,23.15,23.15,180.07,20.73,20.73,15.17,20.73,2.66,0.00%,6.25%,90.81%,1087.61%,1.35,1.12,-1.77%,-2.52%,-11.37%,-16.19%,2.65%,0.00%,0.00%,21.30%,56.34,5.65%,1.95%,-7.16%,0.43
Karnali Development Bank,2024/25 Q1,810.00,649.36,18.00,0.00%,0.00%,0.00%,0.00%,0.00%,"4,072,923,000.00","502,830.00","-12,593.50","88,526.07",991.37,"-19,829.00","-203,429.36",1.12%,35.32%,0.00%,-22.40%,-22.40%,14.92%,26.90%,0.00%,-11.10%,-11.10%,-17.83%,-17.83%,-9.61%,-1.39%,-1.39%,-0.90%,-15.77,-15.77,-9.77,-15.77,97.49,-51.35,-51.35,-51.35,-82.83,8.30,0.00%,33.00%,91.47%,1172.20%,1.40,1.36,-2.51%,-3.59%,-15.87%,-23.18%,0.00%,0.00%,0.00%,0.00%,56.53,7.89%,32.54%,0.00%,-12.09
Khanikhola Hydropower Co. Ltd.,2025/26 Q4,266.00,274.64,4.70,-0.34%,-18.15%,2.78%,24.24%,9.68%,"2,477,600,076.00","931,428.60","-122,438.35","101,374.21","101,374.21","-28,013.59",0.00,100.00%,54.53%,45.47%,-19.33%,-90.92%,100.00%,31.17%,68.83%,24.94%,-27.63%,-3.43%,-6.59%,-3.97%,-1.97%,-3.79%,-2.06%,-3.00,-5.77,-3.00,-3.00,86.85,-88.44,-88.44,-46.02,-88.44,3.06,982.59%,982.57%,46.30%,174.43%,1.14,0.89,-2.02%,-2.88%,-13.24%,-18.99%,6.48%,0.21%,3085.71%,53.38%,40.79,8.64%,5.69%,-24.50%,-8.09
Kumari Bank,2025/26 Q4,212.80,218.75,-8.20,0.14%,-2.83%,-0.14%,18.62%,7.59%,"55,808,632,846.40","26,225,861.34","18,568,209.82","28,459,535.79","12,013,083.60","7,387,197.90","4,641,188.39",39.40%,24.53%,0.00%,68.75%,46.64%,42.21%,20.71%,0.00%,39.48%,25.96%,17.11%,29.73%,18.34%,1.53%,2.66%,1.60%,28.16,48.94,28.16,28.16,170.80,7.55,7.55,4.34,7.55,1.24,0.00%,17.63%,90.86%,1094.64%,0.95,1.05,-1.43%,-2.03%,-12.74%,-17.83%,3.05%,0.15%,2033.33%,50.13%,44.47,6.68%,5.00%,-13.74%,-0.68
Laxmi Sunrise Bank Limited,2025/26 Q4,221.00,220.70,2.00,1.89%,-1.65%,1.61%,3.80%,4.89%,"53,805,792,183.00","26,781,163.00","20,627,015.00","26,402,674.00","11,588,515.00","3,117,133.00","1,417,381.00",49.55%,29.70%,0.00%,23.46%,14.40%,43.89%,26.13%,0.00%,17.83%,11.81%,6.61%,9.15%,6.80%,0.62%,0.86%,0.66%,11.63,16.11,11.63,11.63,177.02,18.98,18.98,13.71,18.98,1.24,0.00%,10.15%,90.74%,1079.58%,0.91,0.98,-1.37%,-1.95%,-11.59%,-16.34%,2.63%,0.09%,2922.22%,24.93%,52.61,7.80%,1.87%,-7.92%,-0.21
Laxmi Laghubitta Bittiya Sanstha,2025/26 Q4,858.00,943.50,18.00,-3.05%,-3.49%,-9.40%,-10.62%,-14.20%,"3,789,460,818.00","441,662.10","460,038.82","867,327.83","506,568.85","106,886.75",0.00,62.91%,40.10%,0.00%,30.00%,20.25%,58.41%,47.67%,0.00%,17.57%,12.32%,12.19%,22.64%,13.07%,1.53%,2.83%,1.60%,24.20,44.94,24.20,24.20,204.16,35.45,35.45,19.09,35.45,4.20,-2.99%,36.62%,87.76%,816.95%,0.96,0.90,-2.03%,-2.88%,-13.68%,-19.10%,3.58%,-0.29%,-1234.48%,78.37%,36.71,-1.32%,-5.47%,-18.98%,0.18
Life Insurance Nepal,2025/26 Q4,759.80,810.25,-9.90,-0.67%,-3.15%,-6.54%,-14.34%,-9.99%,"41,789,000,000.00","5,500,000.00","2,656,118.64","33,469,910.21","3,925,372.30","405,777.01",0.00,12.52%,1.68%,7.05%,6.90%,0.93%,11.73%,1.45%,8.52%,8.36%,1.21%,5.00%,4.20%,4.91%,0.26%,0.22%,0.27%,7.37,6.20,7.37,7.37,177.86,102.98,102.98,122.46,102.98,5.12,0.00%,0.00%,93.86%,1628.43%,0.80,1.18,-1.62%,-2.30%,-13.95%,-19.76%,2.68%,-0.19%,-1410.53%,57.11%,38.51,0.77%,-5.72%,-18.16%,-1.07
Lumbini Bikas Bank Ltd.,2025/26 Q4,477.80,491.13,7.80,1.01%,-4.44%,-3.16%,3.87%,-10.59%,"17,313,934,439.60","3,623,678.16","4,121,079.54","4,598,990.83","1,997,221.86","851,015.56","431,214.41",47.91%,24.84%,0.00%,36.80%,25.41%,43.43%,19.08%,0.00%,26.48%,18.50%,11.21%,15.24%,11.80%,1.27%,1.73%,1.27%,23.48,31.93,23.48,23.48,213.72,20.34,20.34,14.96,20.34,2.23,0.00%,8.43%,88.60%,877.21%,1.41,1.15,-1.93%,-2.75%,-12.77%,-18.18%,3.12%,-0.20%,-1560.00%,34.91%,46.15,3.45%,0.35%,-10.69%,-1.18
Machhapuchhre Bank,2025/26 Q4,244.80,251.05,0.80,-1.29%,-4.30%,-2.08%,10.27%,3.06%,"28,449,082,670.40","15,086,211.56","8,449,662.64","13,720,570.13","6,074,927.54","2,114,120.75","986,756.48",46.75%,22.28%,0.00%,21.32%,12.70%,44.28%,26.50%,0.00%,23.07%,15.41%,9.64%,8.31%,10.46%,0.84%,0.72%,0.89%,14.01,12.07,14.01,14.01,156.00,17.46,17.46,20.27,17.46,1.56,0.00%,10.64%,90.82%,1089.37%,0.94,0.94,-1.42%,-2.03%,-11.10%,-15.69%,2.37%,0.06%,3950.00%,71.70%,37.21,5.92%,4.47%,-11.30%,-1.03
Mahalaxmi Bikas Bank Limited,2025/26 Q4,343.80,365.34,-1.10,-0.06%,-3.70%,-5.34%,-4.23%,-6.47%,"14,771,223,291.60","4,511,281.06","2,951,362.27","4,337,979.31","2,148,750.75","629,951.62","465,144.80",49.94%,31.91%,0.00%,23.62%,16.44%,49.53%,26.77%,0.00%,21.62%,14.52%,8.53%,9.21%,8.72%,0.98%,1.06%,0.98%,13.96,15.07,13.96,13.96,165.42,24.62,24.62,22.81,24.62,2.07,0.00%,6.51%,88.53%,871.77%,1.40,1.09,-1.95%,-2.76%,-12.07%,-17.02%,2.09%,-0.12%,-1741.67%,48.85%,42.43,1.44%,-3.57%,-16.55%,-0.69
Mahuli Samudayik Laghubitta Sanstha Ltd.,2025/26 Q4,"1,210.00","1,263.25",10.00,-1.14%,-4.72%,-3.20%,-4.87%,-13.00%,"4,476,076,770.00","387,494.86","495,636.48","842,394.56","497,435.44","193,278.21",0.00,58.39%,18.21%,0.00%,44.40%,31.08%,59.05%,31.15%,0.00%,32.78%,22.94%,22.76%,33.19%,23.68%,2.95%,4.29%,3.10%,49.87,72.74,49.87,49.87,227.90,24.25,24.25,16.63,24.25,5.30,-4.42%,17.75%,86.74%,754.40%,1.09,0.92,-2.12%,-3.01%,-13.28%,-18.84%,4.07%,-0.27%,-1507.41%,58.56%,44.31,6.42%,-4.12%,-21.36%,-5.82
Manjushree Financial Institution,2025/26 Q4,719.00,791.52,7.00,-1.36%,-6.99%,-8.50%,0.14%,10.11%,"9,717,665,351.00","1,351,552.84","1,265,431.23","2,098,685.86","924,547.60","376,384.66","265,645.24",46.73%,14.20%,0.00%,42.78%,30.69%,44.05%,19.31%,0.00%,25.87%,17.93%,14.82%,24.80%,15.47%,1.35%,2.26%,1.38%,27.84,46.60,27.84,27.84,193.62,25.81,25.81,15.42,25.81,3.71,0.00%,29.29%,90.78%,1084.63%,1.34,1.18,-1.91%,-2.72%,-13.46%,-19.12%,3.68%,0.19%,1936.84%,66.42%,29.12,-2.79%,1.46%,-20.11%,-3.09
Mero Microfinance Bittiya Sanstha Ltd.,2025/26 Q4,609.80,709.30,24.90,0.69%,-8.34%,-15.31%,-14.30%,-23.11%,"8,653,062,000.00","1,486,402.50","741,223.07","2,023,360.07","1,204,431.74","125,871.60",0.00,64.15%,76.77%,0.00%,-1.20%,-3.91%,59.53%,56.96%,0.00%,10.14%,6.22%,5.61%,-4.05%,5.63%,0.65%,-0.47%,0.73%,8.46,-6.10,8.46,8.46,149.86,72.01,72.01,-99.80,72.01,4.06,9.27%,107.66%,89.25%,929.85%,1.24,1.11,-1.97%,-2.80%,-13.13%,-18.38%,3.31%,-0.53%,-624.53%,35.62%,30.98,-8.66%,-6.32%,-29.09%,-3.23
Miteri Development Bank,2025/26 Q4,553.50,600.90,3.50,-1.51%,-5.71%,-8.53%,-4.57%,-8.14%,"6,736,649,607.00","1,217,100.00","525,728.61","674,168.88","307,429.51","141,215.82","113,549.17",47.59%,16.26%,0.00%,35.63%,24.94%,45.60%,17.83%,0.00%,29.92%,20.95%,8.21%,10.47%,8.25%,1.34%,1.71%,1.44%,11.60,14.78,11.60,11.60,143.19,47.70,47.70,37.42,47.70,3.86,0.00%,26.42%,83.75%,615.42%,1.29,1.15,-1.95%,-2.78%,-12.15%,-17.38%,2.82%,-0.15%,-1880.00%,68.65%,31.91,-2.90%,-3.47%,-20.93%,-1.96
Mithila Laghubitta Bikas Bank,2025/26 Q4,927.00,"1,189.57",17.00,-2.83%,-18.33%,-22.04%,-30.14%,-30.29%,"2,075,860,764.00","255,843.62","173,788.25","430,921.94","245,647.67","51,357.07",0.00,56.60%,97.76%,0.00%,-29.07%,-20.35%,57.01%,51.45%,0.00%,17.03%,11.92%,10.92%,-18.92%,10.96%,1.40%,-2.43%,1.44%,20.07,-34.77,20.07,20.07,167.92,46.18,46.18,-26.65,46.18,5.52,23.39%,31.34%,88.74%,887.78%,1.03,0.98,-2.07%,-2.94%,-14.09%,-20.06%,4.35%,-0.68%,-639.71%,69.27%,17.45,-15.47%,-11.95%,-41.14%,-10.63
Muktinath Bikas Bank,2025/26 Q4,354.90,372.96,1.90,-0.59%,-3.82%,-5.23%,0.82%,-8.68%,"25,009,583,671.80","8,000,389.00","4,946,027.00","9,696,562.00","4,743,849.00","1,518,362.00","604,198.00",53.02%,28.32%,0.00%,43.55%,23.52%,48.92%,21.97%,0.00%,24.99%,15.66%,11.98%,18.17%,12.36%,1.10%,1.67%,1.12%,18.97,28.78,18.97,18.97,161.82,18.70,18.70,12.32,18.70,2.19,0.00%,13.43%,90.82%,1089.59%,1.09,0.84,-1.41%,-2.00%,-9.50%,-13.39%,2.36%,-0.16%,-1475.00%,57.23%,29.94,2.53%,-0.29%,-13.01%,-0.92
Multipurpose Finance,2025/26 Q4,585.10,631.04,4.10,-2.32%,-4.86%,-9.71%,-3.46%,0.53%,"3,570,280,200.00","610,200.00","132,753.62","263,972.64","84,124.05","54,347.92","54,347.92",40.53%,40.88%,0.00%,82.23%,64.16%,31.87%,29.86%,0.00%,26.94%,20.59%,7.39%,26.66%,7.36%,1.21%,4.36%,1.29%,8.90,32.13,8.90,8.90,121.75,65.69,65.69,18.20,65.69,4.80,0.00%,11.17%,83.74%,614.87%,1.39,1.33,-2.17%,-3.09%,-14.06%,-20.36%,3.94%,0.04%,9850.00%,72.79%,28.62,-0.98%,-0.56%,-19.85%,-4.34
Nabil Bank,2025/26 Q4,537.50,534.61,-2.50,0.13%,-3.50%,0.28%,9.25%,5.16%,"145,431,366,400.00","32,056,997.00","39,849,568.00","37,955,399.00","17,009,288.00","7,905,796.00","4,630,074.00",47.83%,17.79%,0.00%,20.54%,12.00%,44.81%,19.30%,0.00%,30.47%,20.83%,11.91%,6.88%,12.15%,1.09%,0.63%,1.14%,29.21,16.87,29.21,29.21,247.28,18.39,18.39,31.86,18.39,2.17,0.00%,12.64%,90.21%,1021.79%,0.74,0.64,-1.15%,-1.63%,-8.92%,-12.38%,1.45%,0.11%,1318.18%,49.45%,39.79,8.35%,4.52%,-4.02%,-2.39
National Hydro Power,2025/26 Q4,255.90,280.17,4.90,2.36%,-9.22%,-10.21%,36.19%,25.72%,"6,311,614,842.00","2,467,162.91","-111,890.71","137,268.28","64,453.24","-22,929.15",0.00,-1101.37%,407.29%,-1455.63%,-2272.58%,-2436.84%,46.95%,15.50%,31.46%,-3.81%,-16.70%,-0.97%,-7.10%,-0.96%,-0.77%,-5.69%,-0.78%,-0.92,-6.83,-0.92,-0.92,95.46,-275.34,-275.34,-37.41,-275.34,2.68,470.03%,25.12%,38.08%,125.78%,1.52,1.35,-2.16%,-3.08%,-15.55%,-22.16%,5.36%,0.45%,1191.11%,36.29%,43.40,-1.85%,6.57%,-22.74%,-2.08
National Life Insurance,2025/26 Q4,551.70,584.23,-1.30,-1.48%,-3.21%,-6.21%,-4.55%,-2.18%,"30,193,106,580.00","5,691,649.32","489,868.69","31,602,301.20","3,093,544.81","370,616.53",0.00,8.01%,5.38%,2.70%,2.25%,-0.44%,9.79%,5.82%,4.00%,3.72%,1.17%,5.98%,-2.97%,6.06%,0.32%,-0.16%,0.34%,6.51,-3.23,6.51,6.51,127.74,84.72,84.72,-170.60,84.72,5.07,0.00%,0.00%,93.78%,1608.25%,1.08,1.23,-1.53%,-2.16%,-12.57%,-17.83%,1.87%,-0.03%,-6233.33%,78.25%,41.26,0.61%,-2.00%,-12.71%,-1.26
National Microfinance Bittiya Sanstha Ltd.,2025/26 Q4,"1,097.60","1,131.30",-2.40,-1.12%,-0.92%,-3.72%,-4.22%,-0.99%,"14,615,737,091.20","1,521,363.00","2,728,039.00","3,575,242.00","2,064,295.00","891,304.00",0.00,67.42%,34.78%,0.00%,41.66%,29.16%,57.74%,30.92%,0.00%,35.61%,24.93%,21.75%,29.54%,23.96%,2.69%,3.65%,2.84%,58.58,79.57,58.58,58.58,279.31,18.73,18.73,13.79,18.73,3.92,12.83%,78.83%,87.77%,817.66%,0.98,1.07,-1.71%,-2.42%,-13.63%,-19.29%,2.05%,-0.01%,-20500.00%,70.59%,37.17,3.66%,-1.28%,-10.11%,-1.90
IGI Prudential insurance Limited,2025/26 Q4,380.10,439.45,-1.90,-5.68%,-12.96%,-16.83%,-8.41%,-26.45%,"11,514,501,194.70","3,029,334.63","18,440.53","2,244,482.47","664,422.39","4,038.49",0.00,34.68%,23.82%,9.44%,2.97%,0.52%,29.60%,26.54%,3.33%,0.96%,0.18%,0.13%,0.47%,0.13%,0.03%,0.10%,0.03%,0.13,0.47,0.13,0.13,179.53,"2,851.18","2,851.18",799.52,"2,851.18",1.05,0.00%,0.00%,62.28%,265.14%,1.23,1.46,-1.77%,-2.50%,-16.87%,-23.65%,3.64%,-0.60%,-606.67%,92.54%,21.33,-9.61%,-0.72%,-26.45%,-5.00
Neco Insurance,2025/26 Q4,524.00,623.16,11.00,-6.43%,-15.09%,-19.88%,-11.03%,-20.13%,"14,103,630,300.00","2,772,278.30","365,027.79","2,525,950.81","1,151,945.16","288,321.87",0.00,51.87%,23.67%,28.38%,23.83%,14.76%,45.60%,26.89%,19.71%,16.89%,11.41%,9.18%,15.84%,9.01%,2.35%,4.06%,2.42%,10.40,17.94,10.40,10.40,226.33,50.38,50.38,29.20,50.38,1.77,0.00%,0.00%,48.39%,193.77%,0.87,0.97,-1.31%,-1.85%,-10.88%,-15.29%,3.13%,-0.42%,-745.24%,97.66%,17.13,-12.26%,-0.54%,-23.05%,-8.75
Nepal Bank,2025/26 Q4,274.10,269.82,2.10,0.88%,2.01%,2.66%,15.17%,9.36%,"40,276,317,043.00","14,694,022.93","27,580,084.58","21,953,771.90","10,033,060.54","4,500,199.27","3,746,513.99",47.25%,25.56%,0.00%,40.63%,29.66%,45.70%,25.23%,0.00%,32.76%,20.50%,10.93%,16.58%,11.40%,0.96%,1.46%,1.04%,30.62,46.47,30.62,30.62,287.69,8.94,8.94,5.89,8.94,0.95,0.00%,26.53%,91.27%,1145.98%,0.92,0.81,-1.30%,-1.84%,-9.79%,-13.61%,2.26%,0.18%,1255.56%,37.84%,56.07,10.16%,3.62%,-4.83%,-0.45
Nepal Doorsanchar Company,2025/26 Q3,881.00,870.83,4.00,0.69%,1.76%,4.01%,0.58%,7.83%,"158,580,000,000.00","18,000,000.00","81,158,964.00","28,854,894.00","24,330,301.00","6,272,997.00",0.00,83.42%,25.23%,44.90%,32.70%,21.90%,85.64%,25.70%,44.37%,29.76%,15.58%,8.52%,8.59%,6.53%,6.19%,6.24%,4.77%,46.46,46.85,33.88,46.46,550.88,18.95,18.95,18.80,26.00,1.59,242.49%,92.37%,26.73%,136.48%,0.85,0.73,-1.39%,-1.97%,-9.69%,-13.85%,1.53%,0.14%,1092.86%,36.21%,55.55,10.69%,0.03%,-3.61%,-1.28
Grameen Bikas Laghubitta,2025/26 Q4,659.50,759.03,-3.30,-1.27%,-11.35%,-14.79%,-16.20%,-14.09%,"6,479,587,500.00","1,005,350.00","1,916,786.84","2,160,341.68","1,383,565.60","266,712.68",0.00,64.76%,96.10%,0.00%,-25.54%,-6.10%,64.04%,52.31%,0.00%,17.18%,12.35%,9.06%,-4.74%,9.31%,1.63%,-0.85%,1.73%,26.52,-13.87,26.52,26.52,290.65,24.85,24.85,-47.52,24.85,2.26,20.51%,17.08%,82.14%,559.86%,1.16,1.01,-1.84%,-2.60%,-13.68%,-19.08%,2.88%,-0.34%,-847.06%,62.79%,25.07,-7.56%,-4.49%,-22.59%,-4.67
Nepal Insurance,2025/26 Q4,425.90,507.95,-4.10,-6.40%,-15.33%,-20.94%,-14.85%,-28.59%,"10,854,381,350.90","2,548,575.00","57,350.72","1,557,185.43","653,144.17","127,550.26",0.00,34.55%,29.03%,5.52%,3.17%,4.57%,41.94%,27.31%,14.63%,11.87%,8.19%,4.91%,3.31%,5.13%,1.68%,1.13%,1.65%,5.00,3.37,5.00,5.00,176.85,85.09,85.09,126.01,85.09,2.11,0.00%,0.00%,41.23%,170.15%,1.14,1.18,-1.70%,-2.41%,-13.71%,-19.53%,3.20%,-0.65%,-492.31%,96.87%,20.53,-16.47%,-1.19%,-28.59%,-7.31
Nepal Investment Bank,2025/26 Q4,183.00,199.70,1.50,-0.16%,-6.87%,-6.63%,-4.44%,-12.35%,"62,455,328,667.00","34,128,595.00","33,345,915.00","31,450,071.00","12,988,685.00","2,747,216.00","-2,632,434.00",44.13%,13.41%,0.00%,-5.65%,-5.17%,41.30%,17.41%,0.00%,13.81%,8.74%,4.05%,-2.36%,4.08%,0.45%,-0.26%,0.46%,8.04,-4.68,8.04,8.04,197.70,22.73,22.73,-39.07,22.73,0.92,0.00%,16.50%,89.00%,909.00%,0.82,1.09,-1.38%,-1.95%,-12.10%,-16.89%,2.66%,-0.26%,-1023.08%,48.50%,32.66,0.64%,-2.20%,-19.74%,-0.95
Nepal Life Insurance,2025/26 Q4,695.00,762.45,0.00,-0.71%,-7.17%,-8.43%,-9.86%,-4.42%,"62,749,904,935.00","9,480,201.37","799,089.55","74,457,240.27","7,087,357.80","465,450.35",0.00,10.59%,0.97%,2.76%,2.62%,0.05%,9.52%,1.26%,5.26%,5.09%,0.63%,4.53%,0.41%,4.53%,0.16%,0.01%,0.17%,4.90,0.44,4.90,4.90,126.07,141.55,141.55,"1,560.42",141.55,6.40,0.00%,0.00%,95.91%,2443.94%,1.08,1.31,-1.46%,-2.06%,-14.53%,-20.31%,2.27%,-0.08%,-2837.50%,61.10%,26.12,-1.57%,-3.43%,-17.27%,-2.91
Nepal Lube Oil,2025/26 Q3,277.40,277.40,0.00,0.00%,2.97%,2.97%,9.17%,13.94%,"202,402,413.40","87,435.24","401,719.68","1,158,849.20","331,851.21","51,274.11",0.00,31.16%,21.04%,10.12%,10.12%,6.06%,28.64%,20.81%,19.76%,19.76%,4.42%,14.66%,25.88%,11.55%,6.08%,10.74%,4.74%,78.18,138.06,58.64,78.18,559.44,3.54,3.54,2.00,4.73,0.49,144.79%,90.22%,57.92%,237.61%,-0.01,-0.00,-0.18%,-0.25%,-1.56%,-2.40%,0.00%,0.00%,0.00%,0.00%,0.00,10.86%,0.00%,0.00%,2.32
Nepal Sbi Bank,2025/26 Q4,400.00,403.23,9.90,0.25%,-2.13%,1.01%,-1.23%,6.20%,"43,596,632,400.00","11,335,124.39","10,737,764.07","14,481,046.05","5,334,310.56","2,044,330.74","801,512.24",39.92%,24.64%,0.00%,22.64%,15.88%,36.84%,20.59%,0.00%,20.14%,14.12%,9.39%,10.70%,9.62%,0.81%,0.93%,0.83%,18.03,20.55,18.03,18.03,194.73,22.17,22.17,19.45,22.17,2.05,0.00%,28.61%,91.11%,1125.17%,0.83,0.95,-1.47%,-2.09%,-9.92%,-14.31%,2.17%,0.15%,1446.67%,48.16%,46.43,8.14%,0.26%,-9.09%,-1.05
Ngadi Group Power Ltd.,2025/26 Q4,394.00,433.40,4.00,-0.73%,-3.19%,-10.03%,-0.73%,4.70%,"14,588,080,096.00","3,878,429.97","1,487,269.39","138,054.45","118,576.55","49,150.18",0.00,78.25%,5.93%,77.94%,55.10%,26.77%,85.89%,7.32%,85.70%,64.25%,35.60%,0.87%,0.62%,0.85%,0.82%,0.58%,0.80%,1.26,0.89,1.26,1.26,138.34,310.90,310.90,440.07,310.90,2.84,801.51%,342.20%,18.86%,106.30%,1.01,0.99,-1.73%,-2.46%,-12.03%,-17.56%,3.04%,0.10%,3040.00%,60.76%,37.77,-2.55%,-2.45%,-19.76%,-1.82
NIC Asia Bank,2025/26 Q4,308.00,345.81,-1.00,0.00%,-6.41%,-10.20%,-5.17%,-10.76%,"45,946,106,360.00","14,917,566.92","10,787,978.58","22,732,145.62","7,845,055.51","181,702.46","-4,186,853.20",29.30%,27.41%,0.00%,5.84%,0.79%,34.51%,21.76%,0.00%,4.31%,0.80%,0.71%,0.64%,0.65%,0.05%,0.04%,0.05%,1.21,1.10,1.21,1.21,172.31,252.86,252.86,277.59,252.86,1.78,0.00%,30.29%,93.47%,1532.27%,0.94,0.91,-1.41%,-1.99%,-12.16%,-16.75%,3.17%,-0.22%,-1440.91%,47.23%,27.46,-3.10%,-3.11%,-23.19%,-0.88
Nirdhan Utthan Bank,2025/26 Q4,575.00,650.88,5.00,0.00%,-5.74%,-12.72%,-18.49%,-20.92%,"15,019,458,850.00","2,742,683.73","3,323,559.95","3,678,963.15","1,884,586.71","350,980.62",0.00,50.46%,26.54%,0.00%,33.75%,20.18%,51.23%,41.98%,0.00%,19.16%,9.54%,5.88%,13.12%,5.98%,1.17%,2.61%,1.21%,12.79,28.57,12.79,12.79,221.17,44.93,44.93,20.11,44.93,2.59,-1.55%,10.89%,80.14%,503.63%,1.05,0.94,-1.63%,-2.30%,-11.58%,-16.13%,2.05%,-0.47%,-436.17%,40.93%,31.24,-5.78%,-9.34%,-23.23%,-1.90
Nlg Insurance,2025/26 Q4,490.50,605.31,0.50,-7.45%,-16.15%,-22.88%,-26.25%,-37.16%,"12,582,427,153.50","2,667,833.40","11,700.47","1,835,970.32","658,899.63","57,812.13",0.00,32.19%,24.59%,5.76%,4.44%,4.34%,35.89%,26.39%,6.37%,4.34%,3.15%,2.16%,3.43%,2.23%,0.61%,0.98%,0.61%,2.16,3.44,2.16,2.16,166.36,226.34,226.34,142.22,226.34,1.98,0.00%,0.00%,51.01%,204.10%,0.96,1.15,-1.66%,-2.36%,-15.03%,-21.50%,3.25%,-0.91%,-357.14%,98.23%,22.43,-16.30%,-9.69%,-37.37%,-8.01
NMB Bank,2025/26 Q4,239.60,245.12,4.60,0.88%,-2.80%,-2.20%,0.34%,1.07%,"44,006,627,576.00","22,285,041.00","15,774,730.00","21,041,592.00","9,426,239.00","4,013,673.00","1,808,287.00",40.50%,15.03%,0.00%,36.48%,26.22%,44.80%,19.93%,0.00%,29.07%,19.07%,11.64%,15.38%,12.01%,1.04%,1.37%,1.09%,20.81,27.50,20.81,20.81,181.79,11.51,11.51,8.71,11.51,1.31,0.00%,16.94%,90.42%,1044.10%,0.87,0.71,-1.33%,-1.89%,-8.97%,-12.49%,2.32%,0.04%,5800.00%,35.87%,47.12,6.41%,0.24%,-11.19%,-0.71
NMB Microfinance,2025/26 Q4,580.00,639.24,-1.00,0.35%,-6.13%,-8.92%,-16.43%,-16.14%,"4,184,405,360.00","721,449.14","366,209.66","1,034,684.56","643,488.19","147,401.95",0.00,64.42%,46.84%,0.00%,27.04%,19.52%,62.19%,51.52%,0.00%,18.53%,14.25%,13.94%,22.84%,14.30%,1.56%,2.56%,1.74%,20.43,33.48,20.43,20.43,150.76,28.38,28.38,17.32,28.38,3.84,2.57%,39.48%,89.19%,924.84%,1.13,0.99,-1.91%,-2.71%,-12.84%,-17.87%,2.56%,-0.32%,-800.00%,39.68%,36.16,-1.77%,-6.83%,-22.67%,-1.85
Oriental Hotels,2025/26 Q4,619.00,692.62,18.70,0.00%,-6.28%,-12.82%,-12.37%,-26.66%,"7,332,024,050.00","1,184,494.96","2,684,597.71","1,028,164.49","217,795.39","-47,447.15",0.00,20.62%,23.68%,20.62%,8.25%,-4.62%,21.18%,29.42%,21.18%,8.85%,-4.73%,-1.22%,-1.87%,-1.22%,-0.78%,-1.20%,-0.79%,-4.00,-6.11,-4.00,-4.00,326.64,-154.53,-154.53,-101.29,-154.53,1.89,131.92%,110.13%,36.43%,157.30%,1.02,0.96,-1.70%,-2.43%,-10.81%,-15.49%,2.65%,-0.55%,-481.82%,41.78%,37.88,-4.81%,-4.58%,-26.66%,-3.50
Pokhara Finance,2025/26 Q4,364.00,382.42,6.00,0.00%,0.00%,-5.45%,1.11%,-8.63%,"3,940,506,388.00","1,901,468.00","-570,338.30","549,439.40","176,435.59","254,299.52","254,299.52",31.72%,59.47%,0.00%,278.49%,153.22%,32.11%,42.30%,0.00%,77.98%,46.28%,25.21%,71.86%,32.06%,2.52%,7.17%,2.83%,13.37,38.12,13.37,13.37,70.00,27.21,27.21,9.54,27.21,5.19,0.00%,49.76%,88.98%,907.48%,1.47,1.09,-2.53%,-3.58%,-20.00%,-28.16%,2.79%,-0.14%,-1992.86%,51.57%,43.72,1.22%,-2.44%,-16.51%,-0.56
Prabhu Bank,2025/26 Q4,176.00,197.90,-0.80,-1.68%,-8.81%,-9.74%,-4.97%,-15.92%,"41,434,782,224.00","23,542,490.00","9,633,511.00","21,976,924.00","9,265,782.00","-241,244.00","-3,747,637.00",40.41%,18.55%,0.00%,-13.01%,-21.19%,42.16%,24.79%,0.00%,7.25%,-1.10%,-0.71%,-12.93%,-0.68%,-0.06%,-1.07%,-0.06%,-1.02,-18.56,-1.02,-1.02,140.91,-171.75,-171.75,-9.47,-171.75,1.24,0.00%,8.99%,91.95%,1242.13%,1.04,1.17,-1.52%,-2.15%,-14.11%,-19.61%,2.77%,-0.33%,-839.39%,68.83%,25.87,-2.77%,-2.19%,-23.81%,-0.91
Prabhu Insurance,2025/26 Q4,594.00,685.38,11.00,-1.00%,-11.34%,-14.78%,-5.54%,-16.35%,"10,103,678,640.00","1,848,939.08","104,151.54","1,008,333.20","725,459.09","246,443.34",0.00,62.68%,34.94%,21.96%,18.95%,13.22%,71.95%,30.56%,38.48%,35.19%,24.44%,12.63%,7.15%,12.78%,3.26%,1.85%,3.30%,13.32,7.54,13.32,13.32,193.00,44.56,44.56,78.70,44.56,2.09,0.00%,0.00%,52.02%,208.41%,1.00,1.40,-1.58%,-2.24%,-15.52%,-22.23%,2.99%,-0.33%,-906.06%,59.00%,26.80,-7.62%,1.26%,-17.39%,-6.89
Siddhartha Premier Insurance Limited,2025/26 Q4,604.40,707.68,24.40,-5.56%,-12.90%,-17.70%,-17.75%,-23.21%,"16,962,787,595.60","2,806,549.90","548,278.55","3,092,178.32","1,311,430.25","326,852.22",0.00,63.52%,25.06%,37.92%,35.38%,24.51%,42.41%,27.47%,16.62%,15.24%,10.57%,10.07%,35.32%,9.78%,1.57%,5.50%,1.62%,11.64,40.86,11.64,11.64,260.26,51.89,51.89,14.79,51.89,1.27,0.00%,0.00%,64.04%,278.12%,0.92,1.15,-1.61%,-2.28%,-13.53%,-19.22%,3.51%,-0.52%,-675.00%,93.08%,25.93,-10.52%,-2.20%,-23.37%,-9.00
Prime Commercial Bank,2025/26 Q4,237.00,241.87,2.00,-0.34%,-2.27%,-0.84%,-2.00%,0.92%,"45,984,104,883.00","20,954,781.77","15,883,611.59","21,618,585.43","9,212,693.62","4,112,568.80","1,808,014.50",44.58%,12.46%,0.00%,36.45%,19.23%,42.61%,13.97%,0.00%,31.61%,19.02%,11.31%,11.26%,11.69%,1.24%,1.24%,1.27%,19.62,19.53,19.62,19.62,175.79,12.07,12.07,12.13,12.07,1.34,0.00%,12.86%,89.04%,912.28%,0.84,0.90,-1.27%,-1.80%,-10.58%,-14.75%,2.47%,0.02%,12350.00%,55.79%,45.27,6.64%,-0.18%,-11.90%,-0.97
Progressive Finance,2025/26 Q4,380.90,444.03,-4.10,0.26%,-11.42%,-18.09%,-15.36%,-21.31%,"3,260,911,563.00","848,106.00","-137,044.20","541,990.31","193,683.58","50,169.59","74,686.80",38.11%,43.58%,0.00%,68.87%,54.13%,35.74%,37.69%,0.00%,12.80%,9.26%,7.45%,44.47%,7.67%,0.57%,3.42%,0.59%,5.91,35.33,5.91,5.91,83.84,64.39,64.39,10.78,64.39,4.54,0.00%,37.72%,92.01%,1251.62%,1.64,1.76,-2.39%,-3.40%,-18.77%,-26.70%,3.38%,-0.46%,-734.78%,41.57%,28.45,-10.38%,-6.21%,-25.31%,-2.68
Rastriya Beema,2025/26 Q4,"13,301.00","14,853.47",195.00,-3.62%,-6.53%,-11.21%,-11.02%,-15.81%,"35,465,320,865.00","266,639.05","2,595,584.48","912,090.90","729,925.21","344,437.91",0.00,108.38%,55.10%,48.93%,47.80%,32.14%,80.03%,31.07%,45.67%,44.77%,37.76%,12.02%,7.74%,12.36%,1.37%,0.88%,1.38%,129.17,83.23,129.17,129.17,"6,407.04",102.96,102.96,159.79,102.96,5.12,0.00%,0.00%,31.15%,145.25%,0.77,0.91,-1.40%,-1.98%,-10.31%,-14.45%,1.77%,-0.34%,-520.59%,97.04%,35.74,-5.24%,-4.00%,-17.06%,-58.83
Global IME Laghubitta Bittiya Sanstha,2025/26 Q4,"1,090.10","1,123.58",-4.90,1.64%,-0.36%,-2.67%,-2.38%,-11.55%,"6,746,631,080.20","648,297.79","924,320.44","1,565,845.85","1,007,427.83","401,105.14",0.00,67.67%,6.21%,0.00%,65.88%,44.78%,64.34%,31.23%,0.00%,37.18%,25.62%,27.06%,48.98%,28.90%,3.47%,6.28%,3.65%,61.87,111.99,61.87,61.87,242.57,17.61,17.61,9.73,17.61,4.49,-14.78%,26.80%,86.78%,756.51%,1.02,0.73,-1.99%,-2.82%,-13.85%,-19.48%,2.88%,-0.23%,-1252.17%,25.92%,49.44,4.36%,-3.96%,-13.89%,-2.00
Reliance Finance,2025/26 Q4,420.90,457.17,-5.10,-1.43%,-8.48%,-14.10%,0.94%,-8.73%,"4,720,190,626.20","1,121,452.00","188,159.00","784,609.00","283,456.00","50,587.00","32,180.00",32.10%,37.01%,0.00%,9.68%,6.77%,36.13%,26.66%,0.00%,9.21%,6.45%,3.88%,3.89%,4.09%,0.42%,0.42%,0.46%,4.51,4.52,4.51,4.51,116.77,93.30,93.30,93.01,93.30,3.60,0.00%,27.51%,89.54%,956.32%,1.67,1.62,-2.39%,-3.39%,-17.10%,-24.22%,3.70%,-0.18%,-2055.56%,63.33%,31.15,-7.00%,1.48%,-17.15%,-2.09
Ridi Power Company Limited,2025/26 Q4,352.00,353.38,2.00,2.62%,-8.33%,0.57%,58.63%,50.16%,"8,178,198,336.00","2,323,351.80","47,062.01","364,781.68","293,318.84","46,862.64",0.00,48.89%,13.33%,28.47%,-20.89%,-41.09%,80.41%,5.99%,70.86%,34.98%,12.85%,1.97%,-4.58%,1.99%,1.27%,-2.95%,1.26%,2.01,-4.70,2.01,2.01,102.02,174.51,174.51,-74.86,174.51,3.45,497.32%,72.96%,40.61%,152.65%,0.99,1.01,-1.84%,-2.62%,-15.58%,-22.25%,6.52%,0.81%,804.94%,39.24%,46.40,7.89%,13.75%,-8.81%,-3.79
RSDC Laghubitta Bittiya Sanstha Ltd.,2025/26 Q4,615.00,664.45,0.00,0.33%,-3.47%,-7.52%,-4.35%,-8.06%,"6,359,496,675.00","1,034,064.41","321,255.07","413,915.28","191,542.50","138,238.24",0.00,52.20%,-68.47%,0.00%,121.05%,86.28%,46.28%,0.11%,0.00%,47.47%,33.40%,10.48%,22.01%,10.54%,2.37%,4.99%,2.10%,13.36,28.07,13.36,13.36,131.06,46.00,46.00,21.90,46.00,4.69,-46.38%,0.00%,76.09%,418.24%,1.32,1.16,-1.91%,-2.72%,-12.83%,-18.24%,2.81%,-0.16%,-1756.25%,43.08%,36.65,-0.46%,-2.22%,-17.73%,-0.90
Sagarmatha Lumbini Insurance Co. Limited,2025/26 Q4,531.00,602.84,6.00,-6.05%,-11.20%,-15.71%,-12.07%,-20.19%,"13,926,208,842.00","2,622,638.20","347,904.21","3,222,729.12","1,221,930.54","313,096.83",0.00,43.42%,19.73%,23.69%,22.76%,15.76%,37.92%,23.34%,15.52%,14.22%,9.72%,10.83%,24.89%,10.95%,2.28%,5.23%,2.06%,11.93,27.43,11.93,11.93,232.71,44.47,44.47,19.35,44.47,1.59,0.00%,0.00%,51.55%,206.38%,0.83,0.84,-1.39%,-1.96%,-10.34%,-14.45%,2.56%,-0.43%,-595.35%,98.84%,28.68,-9.79%,-1.24%,-20.19%,-6.60
Salt Trading Corporation,2025/26 Q4,"5,193.70","5,531.76",13.70,0.50%,-0.12%,-4.18%,2.94%,6.18%,"16,657,084,022.70","352,788.65","1,438,228.58","12,225,697.49","886,428.94","136,979.84",-,6.80%,1.96%,4.36%,4.26%,1.14%,7.25%,3.65%,4.42%,4.31%,1.12%,7.72%,9.29%,7.90%,1.49%,1.79%,1.44%,38.82,46.73,38.82,42.51,507.67,122.15,133.76,111.14,133.76,10.23,91.92%,56.64%,0.00%,457.21%,0.99,1.33,-1.57%,-2.24%,-14.39%,-20.54%,1.85%,0.15%,1233.33%,42.50%,51.27,3.18%,0.10%,-9.63%,0.08
Samata Gharelu Laghubitta Bittiya Sanstha Limited,2025/26 Q4,683.00,765.15,8.00,-1.01%,-6.44%,-11.73%,-10.66%,-28.50%,"4,296,422,428.00","660,504.14","297,965.38","814,820.63","471,860.10","119,170.18",0.00,58.78%,47.10%,0.00%,24.88%,16.60%,57.91%,47.31%,0.00%,21.21%,14.63%,12.68%,15.68%,13.08%,1.64%,2.03%,1.77%,18.04,22.32,18.04,18.04,145.11,37.85,37.85,30.59,37.85,4.70,2.88%,30.40%,87.00%,769.29%,1.02,0.89,-1.99%,-2.82%,-13.92%,-19.63%,2.96%,-0.60%,-493.33%,55.64%,30.16,-4.50%,-5.20%,-28.50%,-2.72
Sana Kisan Bikas Bank,2025/26 Q4,741.00,765.21,-6.90,0.14%,-1.46%,-3.59%,-4.51%,-6.44%,"31,956,526,056.00","4,927,170.07","5,999,545.42","2,088,375.42","1,273,970.39","653,145.92",0.00,59.92%,13.57%,0.00%,46.58%,32.94%,61.00%,16.54%,0.00%,44.54%,31.28%,6.02%,6.27%,6.14%,1.58%,1.64%,1.59%,13.25,13.79,13.25,13.25,221.76,55.89,55.89,53.73,55.89,3.34,-4.73%,91.43%,73.98%,384.34%,0.82,0.83,-1.26%,-1.78%,-8.80%,-12.42%,1.65%,-0.12%,-1375.00%,43.74%,36.20,4.65%,-1.78%,-10.29%,-0.72
Sanima Bank,2025/26 Q4,358.10,359.48,-3.90,-2.02%,-4.61%,-1.35%,12.93%,-1.93%,"48,635,443,173.60","15,581,525.41","12,008,730.41","16,603,839.91","6,991,583.49","3,550,144.52","1,770,335.83",43.72%,16.53%,0.00%,44.03%,28.64%,42.11%,18.80%,0.00%,31.11%,21.38%,13.15%,17.78%,14.34%,1.26%,1.70%,1.30%,22.78,30.80,22.78,22.78,177.07,15.71,15.71,11.62,15.71,2.02,0.00%,17.24%,90.53%,1055.49%,0.90,0.81,-1.29%,-1.84%,-9.56%,-13.66%,2.64%,-0.03%,-8800.00%,77.79%,36.81,5.20%,5.28%,-4.61%,-2.47
Sanima Mai Hydropower,2025/26 Q4,504.90,516.30,6.90,1.18%,0.58%,-2.13%,-3.83%,-8.89%,"18,873,130,191.30","3,737,993.71","1,401,717.54","512,739.99","416,136.48","293,450.41",0.00,89.83%,27.68%,94.15%,94.15%,78.41%,81.16%,42.01%,72.47%,72.47%,57.23%,5.80%,12.48%,5.01%,5.72%,12.31%,4.92%,7.85,16.90,7.85,7.85,137.49,64.31,64.31,29.86,64.31,3.67,812.59%,15.52%,6.10%,100.33%,1.28,1.49,-1.79%,-2.56%,-16.22%,-23.27%,2.32%,-0.16%,-1450.00%,28.18%,51.42,5.74%,-3.95%,-12.80%,-0.27
Shangrila Development Bank,2025/26 Q4,406.00,416.91,-5.00,0.50%,-1.22%,-1.34%,1.50%,1.89%,"14,438,402,608.00","3,734,068.50","2,595,015.95","4,774,523.36","2,420,107.93","889,937.93","478,193.37",58.45%,33.15%,0.00%,46.67%,29.53%,50.69%,28.25%,0.00%,28.34%,18.64%,14.52%,26.46%,15.26%,1.37%,2.49%,1.39%,23.83,43.42,23.83,23.83,169.49,17.03,17.03,9.34,17.03,2.39,0.00%,7.87%,90.42%,1043.48%,1.40,1.22,-1.80%,-2.57%,-11.83%,-16.93%,2.26%,0.05%,4520.00%,42.28%,45.49,4.55%,-0.05%,-11.74%,-0.48
Shikhar Insurance,2025/26 Q4,520.00,624.53,0.00,-10.65%,-15.79%,-18.75%,-17.59%,-25.30%,"15,200,114,800.00","3,101,567.80","79,866.55","2,957,474.85","1,274,165.45","130,089.12",0.00,51.40%,38.79%,12.32%,9.65%,5.88%,43.08%,33.31%,9.65%,7.32%,4.40%,4.11%,7.51%,4.18%,0.85%,1.55%,0.86%,4.19,7.67,4.19,4.19,191.94,123.97,123.97,67.74,123.97,1.42,0.00%,0.00%,60.98%,256.29%,1.07,1.21,-1.54%,-2.17%,-13.20%,-18.37%,3.46%,-0.56%,-617.86%,99.90%,11.59,-12.92%,-1.93%,-25.30%,-9.36
Shine Resunga Development Bank,2025/26 Q4,407.80,412.16,-3.20,0.69%,-0.90%,-0.80%,2.28%,1.86%,"19,883,111,940.40","5,021,972.73","2,987,319.80","6,009,961.82","2,826,703.20","1,181,279.43","811,834.08",49.88%,23.33%,0.00%,37.77%,25.56%,47.03%,18.30%,0.00%,28.92%,19.66%,15.05%,20.02%,15.55%,1.37%,1.82%,1.42%,23.52,31.29,23.52,23.52,159.48,17.33,17.33,13.03,17.33,2.55,0.00%,6.60%,90.87%,1095.03%,1.31,1.18,-1.73%,-2.45%,-11.65%,-16.68%,2.00%,0.05%,4000.00%,37.45%,46.33,5.68%,0.33%,-9.18%,-0.62
Shree Investment Finance,2025/26 Q4,482.50,542.72,2.40,0.10%,-5.39%,-14.60%,-2.25%,-2.64%,"4,825,001,930.00","1,000,000.00","398,213.91","705,713.29","228,277.65","46,216.28","38,644.29",35.83%,21.11%,0.00%,17.14%,12.00%,32.35%,17.77%,0.00%,9.36%,6.55%,3.31%,5.98%,3.31%,0.44%,0.80%,0.45%,4.62,8.34,4.62,4.62,139.82,104.40,104.40,57.83,104.40,3.45,0.00%,48.16%,86.62%,747.15%,1.68,1.48,-2.41%,-3.43%,-15.44%,-21.97%,3.97%,-0.05%,-7940.00%,48.49%,31.25,-7.85%,-4.41%,-26.67%,-1.78
Siddhartha Bank,2025/26 Q4,408.70,399.45,0.80,0.05%,-1.99%,1.67%,8.47%,11.92%,"57,585,749,077.40","18,294,479.20","18,625,719.67","21,054,091.97","9,051,188.75","3,519,409.79","1,459,068.53",45.08%,17.54%,0.00%,39.60%,26.89%,42.99%,22.06%,0.00%,24.52%,16.72%,10.75%,18.38%,11.11%,0.93%,1.59%,0.99%,23.78,40.67,23.78,23.78,225.89,17.18,17.18,10.04,17.18,1.80,0.00%,19.10%,90.53%,1055.61%,0.91,0.91,-1.36%,-1.94%,-10.52%,-15.07%,2.15%,0.26%,826.92%,53.89%,49.91,9.81%,4.47%,-2.69%,-1.58
Sindhu Bikash Bank,2025/26 Q4,592.00,726.06,12.00,-2.95%,-15.91%,-21.07%,-17.21%,-19.41%,"3,300,140,112.00","557,456.06","-17,424.59","391,633.35","143,564.83","1,001.54","-32,989.88",43.61%,47.68%,0.00%,44.10%,34.68%,36.66%,41.13%,0.00%,6.76%,0.26%,0.19%,25.99%,0.20%,0.02%,2.21%,0.02%,0.17,24.45,0.17,0.17,96.87,"3,295.04","3,295.04",24.21,"3,295.04",6.11,0.00%,19.69%,91.20%,1136.06%,1.43,1.11,-2.60%,-3.71%,-14.21%,-20.44%,4.99%,-0.36%,-1386.11%,70.16%,22.61,-13.60%,-6.52%,-35.65%,-8.24
Soaltee Hotel,2025/26 Q4,500.00,501.59,-1.50,-1.57%,-0.20%,0.00%,2.48%,2.39%,"51,093,134,500.00","1,175,152.54","2,176,569.29","3,148,091.70","1,101,437.07","761,106.09",0.00,31.87%,20.32%,31.87%,26.89%,26.89%,34.99%,21.49%,34.99%,29.30%,29.08%,23.44%,25.92%,25.21%,19.44%,21.49%,20.22%,6.47,7.16,6.47,6.47,28.52,77.20,77.20,69.82,77.20,17.53,180.01%,148.09%,16.03%,119.09%,0.99,1.04,-1.56%,-2.24%,-13.11%,-19.37%,2.43%,0.07%,3471.43%,75.27%,47.41,7.27%,0.38%,-6.54%,-0.90
Standard Chartered Bank,2025/26 Q4,645.10,652.34,-9.60,0.17%,-1.65%,-1.96%,2.07%,0.27%,"64,783,318,548.40","10,042,368.00","12,630,627.00","7,423,825.00","3,943,296.00","2,850,211.00","1,783,554.00",53.37%,32.39%,0.00%,61.94%,39.88%,53.12%,30.54%,0.00%,56.11%,38.39%,12.77%,13.78%,12.96%,1.60%,1.73%,1.70%,28.38,30.61,28.38,28.38,225.77,22.72,22.72,21.07,22.72,2.85,0.00%,54.32%,87.41%,794.17%,0.66,0.67,-1.16%,-1.65%,-7.15%,-10.46%,1.37%,0.03%,4566.67%,45.93%,44.97,6.06%,0.77%,-7.67%,-0.81
SuryaJyoti Life Insurance Company Limited,2025/26 Q4,397.00,429.90,2.00,-0.77%,-3.87%,-7.89%,-12.26%,-5.89%,"19,897,432,766.00","5,011,947.79","609,241.86","17,099,064.74","2,214,302.61","380,219.38",0.00,14.08%,13.25%,0.83%,0.70%,0.91%,12.95%,9.15%,3.80%,3.61%,2.22%,6.81%,3.57%,6.75%,0.65%,0.34%,0.69%,7.58,3.98,7.58,7.58,122.67,52.33,52.33,99.71,52.33,3.53,0.00%,0.00%,89.91%,991.40%,1.04,1.18,-1.61%,-2.28%,-14.29%,-19.91%,2.57%,-0.11%,-2336.36%,60.28%,37.84,-1.47%,-4.71%,-18.13%,-1.18
Swabalamban Bikas Bank,2025/26 Q4,664.00,719.78,-3.00,-0.45%,-2.06%,-9.97%,-9.91%,-15.34%,"10,999,990,000.00","1,750,000.00","2,483,509.74","3,656,323.85","2,071,206.12","619,756.39",0.00,60.69%,23.07%,0.00%,45.66%,27.32%,56.65%,40.68%,0.00%,26.18%,16.95%,15.12%,28.98%,15.84%,2.27%,4.34%,2.42%,35.41,67.89,35.41,35.41,241.91,18.74,18.74,9.78,18.74,2.74,-5.64%,6.60%,84.93%,663.58%,1.07,0.99,-1.66%,-2.35%,-11.85%,-16.63%,2.24%,-0.32%,-700.00%,52.31%,41.32,-2.85%,-6.96%,-18.02%,-1.13
Swarojgar Laghu Bitta Bikas Bank,2025/26 Q4,780.00,819.58,-20.00,-1.00%,-2.74%,-4.89%,-5.72%,-6.18%,"6,114,611,880.00","895,633.63","637,962.22","1,413,215.92","758,698.11","311,723.77",0.00,56.58%,27.12%,0.00%,36.42%,26.06%,53.69%,30.70%,0.00%,30.85%,22.06%,21.01%,27.37%,22.64%,2.68%,3.49%,2.84%,34.80,45.32,34.80,34.80,171.23,22.41,22.41,17.20,22.41,4.55,-0.42%,17.92%,87.07%,773.59%,1.07,1.08,-1.88%,-2.67%,-12.46%,-17.84%,2.73%,-0.11%,-2481.82%,62.92%,35.76,1.86%,-1.37%,-12.47%,-2.51
Synergy Power Development Ltd.,2025/26 Q4,345.00,394.65,0.00,-1.99%,-7.01%,-13.08%,-9.92%,-2.86%,"4,174,025,625.00","1,330,848.75","122,256.25","230,469.11","213,627.75","80,495.39",0.00,89.60%,11.20%,78.40%,57.19%,39.97%,92.69%,14.50%,78.22%,53.12%,34.93%,5.59%,7.57%,5.64%,4.61%,6.24%,4.67%,6.04,8.19,6.04,6.04,109.18,57.03,57.03,42.10,57.03,3.15,2004.74%,442.26%,19.48%,120.94%,1.41,1.20,-2.11%,-3.00%,-14.31%,-20.40%,3.87%,-0.07%,-5528.57%,69.19%,32.77,-5.50%,-5.76%,-25.49%,-1.44
Taragaon Regency Hotel,2025/26 Q4,799.00,774.05,32.70,-0.50%,1.27%,3.77%,12.54%,-13.29%,"15,677,340,398.00","1,962,120.16","367,029.61","416,221.93","77,984.81","-705,788.58",0.00,80.89%,0.00%,80.89%,-309.84%,-309.84%,18.74%,0.00%,18.74%,-169.57%,-169.57%,-27.05%,-85.98%,-24.46%,-18.32%,-58.25%,-16.65%,-35.97,-114.35,-35.97,-35.97,118.70,-22.21,-22.21,-6.98,-22.21,6.73,109.57%,108.87%,35.33%,154.62%,0.97,1.17,-1.95%,-2.78%,-13.41%,-19.65%,2.73%,-0.27%,-1011.11%,53.36%,50.12,11.65%,4.60%,-13.29%,-2.88
Unilever Nepal,2025/26 Q4,"46,200.00","46,960.25",-100.00,-2.12%,-3.75%,-1.28%,-1.70%,0.50%,"42,536,340,000.00","92,100.00","5,007,600.00","8,036,200.00","4,118,200.00","1,577,000.00",0.00,49.20%,23.72%,25.48%,21.44%,17.19%,51.25%,22.40%,19.09%,14.83%,19.62%,32.15%,31.88%,31.77%,20.99%,20.81%,19.91%,"1,712.26","1,697.71","1,712.26","1,712.26","5,537.13",26.98,26.98,27.21,26.98,8.34,236.83%,171.54%,34.02%,151.57%,0.26,0.27,-1.49%,-2.14%,-6.24%,-9.64%,1.44%,0.00%,0.00%,93.14%,40.33,6.76%,0.70%,-4.92%,-187.67
United Modi Hydropower,2025/26 Q4,558.50,590.96,3.50,-0.80%,-3.04%,-6.12%,6.02%,3.80%,"6,872,342,500.00","1,316,635.00","78,735.00","282,985.00","267,858.00","75,562.00",0.00,98.76%,7.52%,91.42%,65.30%,37.40%,94.65%,18.22%,76.54%,52.20%,26.70%,5.46%,7.31%,5.56%,3.51%,4.70%,3.54%,5.73,7.69,5.73,5.73,105.98,97.31,97.31,72.61,97.31,5.26,1802.43%,483.20%,37.77%,154.76%,1.43,1.28,-2.22%,-3.16%,-15.18%,-21.79%,3.00%,0.07%,4285.71%,61.41%,35.35,3.52%,2.40%,-12.96%,-2.68
Vijaya Laghubitta Bittiya Sanstha,2025/26 Q4,619.00,709.20,19.00,-1.42%,-7.06%,-13.67%,-18.23%,-23.36%,"4,611,800,076.00","791,722.05","584,453.69","1,348,655.38","742,451.38","196,159.55",0.00,73.70%,16.61%,0.00%,60.85%,38.96%,55.05%,36.42%,0.00%,24.37%,14.54%,14.92%,67.81%,15.42%,1.65%,7.51%,1.72%,24.77,112.64,24.77,24.77,173.82,24.98,24.98,5.49,24.98,3.56,-3.15%,39.27%,88.31%,855.49%,1.07,0.81,-1.90%,-2.69%,-13.27%,-18.47%,2.81%,-0.52%,-540.38%,62.70%,30.28,-4.35%,-9.27%,-27.18%,-4.10
Suryodaya Womi Laghubitta Bittiya Sanstha Limited,2025/26 Q4,581.50,652.05,2.50,-1.19%,-5.91%,-12.54%,-13.60%,-17.93%,"6,433,056,579.00","1,106,286.29","611,329.55","1,745,722.04","1,011,181.45","217,849.10",0.00,65.06%,54.66%,0.00%,15.45%,5.28%,57.92%,45.23%,0.00%,20.27%,12.48%,12.78%,6.68%,13.12%,1.66%,0.87%,1.69%,19.69,10.29,19.69,19.69,155.25,29.52,29.52,56.48,29.52,3.74,8.81%,9.16%,87.00%,769.10%,1.11,1.24,-1.81%,-2.55%,-13.05%,-18.52%,2.09%,-0.37%,-564.86%,65.44%,32.71,-4.67%,-6.98%,-21.42%,-2.31
Nepal Hydro Developers Ltd.,2025/26 Q4,629.00,642.15,16.90,0.16%,-2.33%,-0.66%,-15.23%,-1.92%,"2,441,757,243.00","423,134.00","105,427.00","112,907.00","96,176.00","59,220.00",0.00,76.33%,4.02%,72.36%,46.70%,32.38%,85.18%,2.42%,82.79%,65.80%,52.45%,11.26%,4.61%,11.69%,10.54%,4.31%,10.59%,13.99,5.72,13.99,13.99,124.91,44.94,44.94,109.92,44.94,5.03,395.41%,144.60%,15.87%,104.64%,1.49,1.15,-2.26%,-3.23%,-14.81%,-21.39%,3.04%,-0.02%,-15200.00%,47.64%,47.24,6.49%,-1.71%,-15.23%,-0.66
Support Microfinance Bittiya Sanstha Ltd.,2025/26 Q4,"1,718.00","1,818.77",6.50,-0.98%,-3.75%,-0.69%,-1.55%,-15.80%,"2,103,581,048.00","134,075.57","140,948.75","307,760.87","184,945.85","76,184.95",0.00,61.99%,20.79%,0.00%,51.19%,35.83%,60.09%,36.67%,0.00%,33.13%,24.75%,29.25%,45.16%,31.92%,3.27%,5.04%,3.41%,56.82,87.71,56.82,56.82,205.12,30.23,30.23,19.58,30.23,8.37,-33.01%,13.76%,88.32%,855.88%,0.89,0.65,-2.42%,-3.46%,-16.53%,-23.80%,3.85%,-0.33%,-1166.67%,56.70%,37.52,6.06%,-0.33%,-16.92%,-4.94
Radhi Bidhyut Company,2025/26 Q4,675.00,766.05,4.00,-1.89%,-5.73%,-9.88%,-9.40%,-10.96%,"12,413,111,625.00","1,838,979.31","1,289,932.94","137,615.54","101,704.87","363,251.01",0.00,69.99%,17.57%,52.64%,37.88%,140.44%,73.91%,26.07%,307.53%,291.75%,263.96%,11.40%,4.94%,12.24%,10.11%,4.38%,10.81%,19.75,8.55,19.75,19.75,170.14,34.17,34.17,78.94,34.17,3.96,3238.84%,264.09%,13.56%,112.07%,1.31,1.33,-2.02%,-2.90%,-17.47%,-25.52%,3.90%,-0.22%,-1772.73%,66.76%,33.40,-4.90%,-7.20%,-26.63%,-4.06
Corporate Development Bank,2025/26 Q4,885.00,"1,703.30",8.00,0.11%,-14.49%,-51.08%,-43.99%,-53.90%,"4,646,250,000.00","525,000.00","208,606.91","206,681.62","73,715.38","50,103.85","17,395.30",14.52%,31.23%,0.00%,-4.67%,4.47%,35.67%,23.28%,0.00%,45.55%,24.24%,6.84%,1.01%,6.94%,1.54%,0.23%,1.68%,9.54,1.40,9.54,9.54,139.73,92.73,92.73,630.99,92.73,6.33,0.00%,18.41%,78.01%,454.76%,1.37,1.33,-3.22%,-4.60%,-19.75%,-28.89%,10.79%,-1.46%,-739.04%,44.22%,27.48,-47.10%,-21.00%,-68.03%,19.38
Wean Nepal Laghubitta Bittiya Sanstha Limited,2025/26 Q4,970.00,"1,417.02",5.00,-13.85%,-27.61%,-32.03%,-34.51%,-53.54%,"818,103,820.00","84,340.55","25,923.73","116,663.77","64,143.12","8,342.75",0.00,57.47%,35.13%,0.00%,29.53%,-0.89%,54.98%,45.22%,0.00%,17.80%,7.15%,7.54%,-0.95%,7.42%,0.85%,-0.11%,0.87%,9.89,-1.24,9.89,9.89,130.73,98.06,98.06,-781.80,98.06,7.41,-2.41%,53.72%,88.76%,889.91%,0.62,0.38,-2.93%,-4.17%,-20.17%,-28.85%,6.54%,-1.50%,-436.00%,97.98%,13.11,-25.26%,-15.69%,-55.26%,-34.31
Nadep Laghubitta Bittiya Sanstha Ltd.,2025/26 Q4,697.70,752.18,8.80,-1.73%,-5.36%,-6.47%,-14.91%,-11.97%,"3,389,147,520.00","485,760.00","448,289.73","838,681.74","487,144.06","143,399.10",0.00,64.99%,28.74%,0.00%,44.75%,31.33%,58.08%,41.30%,0.00%,24.43%,17.10%,16.62%,36.31%,17.72%,2.00%,4.37%,2.08%,29.52,64.47,29.52,29.52,192.28,23.63,23.63,10.82,23.63,3.62,-3.77%,12.34%,87.26%,784.95%,1.14,1.11,-1.86%,-2.64%,-12.71%,-18.16%,3.13%,-0.24%,-1304.17%,68.52%,42.38,0.27%,-5.25%,-19.31%,-1.28
Panchakanya Mai Hydropower,2025/26 Q4,291.50,338.56,-3.50,-4.11%,-8.91%,-12.88%,-7.46%,-23.74%,"3,206,500,000.00","1,100,000.00","-182,682.34","347,144.36","295,875.80","66,795.75",0.00,74.66%,3.68%,71.66%,18.24%,-27.85%,85.23%,2.77%,82.90%,48.80%,19.24%,7.22%,-6.68%,7.39%,3.20%,-2.97%,3.25%,6.07,-5.62,6.07,6.07,83.39,48.00,48.00,-51.85,48.00,3.49,29.86%,21.33%,72.48%,235.70%,1.65,1.34,-2.49%,-3.55%,-16.27%,-23.07%,4.94%,-0.54%,-914.81%,77.06%,37.28,-5.87%,-5.83%,-31.89%,-2.45
Kalika Power Company,2025/26 Q4,447.00,490.11,0.90,-2.19%,-4.69%,-8.78%,-15.74%,-14.55%,"4,174,754,265.00","933,949.50","235,167.35","198,583.70","173,685.06","104,989.94",0.00,88.82%,9.77%,79.27%,46.01%,37.75%,87.46%,4.95%,82.85%,55.78%,52.87%,9.04%,5.34%,9.34%,8.19%,4.84%,8.72%,11.24,6.64,11.24,11.24,125.17,39.76,39.76,67.27,39.76,3.57,1241.41%,1113.05%,11.09%,109.84%,1.32,1.17,-2.20%,-3.13%,-14.79%,-21.15%,4.23%,-0.26%,-1626.92%,67.76%,29.31,-1.81%,-7.45%,-28.59%,-2.01
Ankhu Khola Jalvidhyut Company Ltd.,2025/26 Q4,344.30,376.81,-13.70,1.86%,-6.21%,-14.99%,78.39%,71.79%,"6,886,000,000.00","2,000,000.00","-126,268.71","224,292.68","188,284.16","63,595.21",0.00,88.48%,7.67%,95.67%,74.15%,48.75%,83.95%,4.63%,82.75%,51.09%,28.35%,3.42%,5.43%,3.45%,2.53%,4.02%,2.51%,3.17,5.05,3.17,3.17,93.68,108.27,108.27,68.15,108.27,3.67,2157.37%,924.71%,27.18%,134.39%,1.20,1.11,-1.77%,-2.53%,-15.54%,-22.50%,6.74%,1.07%,629.91%,45.39%,42.49,-8.75%,10.95%,-21.75%,-1.62
Joshi Hydropower Development Company Ltd,2025/26 Q4,258.90,281.16,6.90,3.15%,-13.12%,-7.93%,-7.86%,-12.66%,"1,586,565,090.00","612,810.00","-214,916.42","8,851.53","-5,343.32","-40,051.45",0.00,-114.58%,95.37%,-209.95%,-357.09%,-159.08%,-60.37%,129.13%,-189.50%,-452.48%,-452.48%,-9.99%,-6.32%,-11.37%,-9.99%,-6.32%,-11.37%,-6.53,-4.13,-6.53,-6.53,64.92,-39.61,-39.61,-62.57,-39.61,3.98,20.68%,20.68%,11.18%,100.00%,1.24,0.70,-2.29%,-3.26%,-14.32%,-20.40%,5.05%,-0.22%,-2295.45%,25.55%,42.71,1.02%,-7.65%,-32.03%,-3.01
Upper Tamakoshi Hydropower Ltd,2025/26 Q4,183.40,202.87,3.40,-0.60%,-5.95%,-9.16%,5.46%,-4.00%,"38,844,120,000.00","21,180,000.00","-12,635,346.98","10,668,812.79","10,409,836.53","925,934.76",0.00,97.61%,5.72%,89.38%,59.53%,21.66%,97.57%,5.95%,90.90%,57.02%,8.68%,9.59%,26.48%,9.12%,1.17%,3.23%,1.15%,4.37,12.07,4.37,4.37,44.48,41.95,41.95,15.19,41.95,4.12,356.74%,254.08%,90.88%,835.34%,1.24,1.26,-1.80%,-2.55%,-14.81%,-20.57%,3.35%,-0.07%,-4785.71%,56.29%,31.53,-1.77%,-0.67%,-22.94%,-0.89
Samudayik Laghubitta Bittiya Sanstha Limited,2025/26 Q4,865.00,"1,182.77",11.00,-2.70%,-12.63%,-28.92%,-33.05%,-41.58%,"1,477,463,250.00","170,805.00","50,022.89","297,850.86","162,949.25","45,534.20",0.00,49.14%,69.21%,0.00%,-14.38%,-7.87%,54.71%,45.26%,0.00%,16.40%,15.29%,20.03%,-9.33%,22.13%,1.98%,-0.92%,2.02%,26.65,-12.41,26.65,26.65,129.28,32.44,32.44,-69.67,32.44,6.69,4.78%,25.51%,90.10%,1010.22%,0.95,0.65,-2.70%,-3.83%,-16.33%,-22.79%,3.40%,-1.02%,-333.33%,69.35%,24.31,-20.57%,-15.00%,-42.64%,1.54
Ghalemdi Hydro Limited,2025/26 Q4,224.30,238.19,-4.70,-1.10%,-2.90%,-4.15%,5.95%,-1.95%,"3,700,950,000.00","1,650,000.00","-81,664.15","136,901.28","108,127.83","-21,877.09",0.00,89.41%,10.52%,73.84%,38.74%,11.15%,78.98%,14.28%,64.74%,23.07%,-15.98%,-1.39%,1.21%,-1.39%,-0.98%,0.85%,-0.97%,-1.32,1.14,-1.32,-1.32,95.05,-169.17,-169.17,195.59,-169.17,2.35,2127.04%,85.38%,31.59%,141.83%,1.21,1.17,-1.85%,-2.64%,-14.14%,-20.22%,4.51%,-0.03%,-15033.33%,59.46%,44.35,3.33%,-1.99%,-20.85%,-2.08
Asha Laghubitta Bittiya Sanstha Ltd,2025/26 Q4,"1,098.90","1,120.06",28.90,1.14%,-0.28%,-1.00%,-8.42%,14.40%,"8,055,445,790.70","802,685.67","599,383.80","1,537,326.33","884,504.47","261,939.31",0.00,61.42%,43.37%,0.00%,28.87%,20.06%,57.54%,45.15%,0.00%,24.16%,17.04%,19.28%,25.22%,20.01%,2.15%,2.81%,2.24%,32.63,42.69,32.63,32.63,174.67,33.67,33.67,25.73,33.67,6.29,6.08%,15.95%,88.61%,878.33%,1.03,0.84,-1.87%,-2.67%,-12.03%,-17.20%,4.10%,0.25%,1640.00%,41.50%,50.51,7.24%,-1.60%,-15.14%,-2.22
Shivam Cements Ltd,2025/26 Q4,658.00,658.38,1.00,5.45%,1.39%,-1.05%,8.31%,13.01%,"35,905,799,930.00","5,593,228.71","4,964,337.16","7,055,871.08","1,730,724.79","784,474.15",0.00,23.33%,13.13%,10.21%,10.21%,8.37%,24.53%,11.30%,7.68%,7.68%,11.12%,7.50%,6.32%,7.57%,6.00%,5.05%,6.05%,14.02,11.82,14.02,14.02,188.75,46.91,46.91,55.66,46.91,3.48,163.87%,68.13%,19.24%,123.82%,1.30,1.40,-1.92%,-2.72%,-16.50%,-23.11%,2.79%,0.27%,1033.33%,3.54%,61.29,5.66%,0.21%,-8.61%,3.31
Universal Power Company Ltd,2025/26 Q4,338.90,368.74,15.90,2.39%,-3.99%,-7.13%,-6.12%,-3.17%,"7,726,682,431.10","2,485,123.61","240,308.41","239,675.98","184,591.50","27,968.11",0.00,72.63%,4.50%,71.94%,16.20%,12.21%,77.02%,9.39%,93.64%,43.60%,11.67%,1.00%,1.07%,1.04%,0.69%,0.74%,0.70%,1.12,1.20,1.12,1.12,109.66,301.13,301.13,282.17,301.13,3.09,560.04%,283.37%,38.46%,145.01%,1.63,1.34,-2.29%,-3.26%,-16.38%,-23.25%,3.21%,-0.06%,-5350.00%,22.55%,45.72,-0.64%,-5.19%,-19.69%,-0.68
Mountain Hydro Nepal Limited,2025/26 Q4,236.90,260.73,6.90,-0.38%,-1.99%,-8.53%,-1.74%,-7.35%,"2,961,250,000.00","1,250,000.00","-373,618.26","454,569.93","270,947.53","159,720.23",0.00,72.04%,2.65%,107.95%,107.67%,50.10%,59.61%,3.72%,78.52%,78.14%,35.14%,23.92%,49.71%,33.21%,5.08%,10.56%,5.33%,12.77,26.55,12.77,12.77,70.11,18.54,18.54,8.92,18.54,3.37,34.52%,26.12%,91.64%,383.09%,1.54,1.31,-2.33%,-3.31%,-16.53%,-23.04%,4.49%,-0.10%,-4490.00%,52.49%,44.36,-1.69%,-6.96%,-26.77%,-1.27
Panchthar Power Company Ltd.,2025/26 Q4,329.00,371.04,-1.00,0.40%,-3.52%,-14.32%,-5.46%,1.04%,"3,166,625,000.00","962,500.00","-12,991.95","377,816.87","338,965.86","85,163.28",0.00,96.32%,9.94%,86.48%,59.55%,28.20%,89.72%,6.24%,83.61%,58.67%,22.54%,9.09%,10.66%,9.19%,3.21%,3.77%,3.17%,8.84,10.37,8.84,8.84,98.65,37.18,37.18,31.70,37.18,3.33,40.69%,40.69%,72.60%,279.74%,1.33,1.19,-2.11%,-3.00%,-15.60%,-22.01%,3.71%,0.05%,7420.00%,46.24%,41.11,-6.88%,-6.26%,-25.97%,-0.65
Himalaya Urja Bikas Company Limited,2025/26 Q4,230.00,254.01,3.90,0.88%,-4.13%,-8.00%,4.03%,-0.13%,"4,554,000,000.00","1,980,000.00","-37,021.38","486,464.91","476,735.61","149,917.96",0.00,98.00%,25.66%,72.34%,47.99%,64.52%,98.00%,23.67%,74.35%,46.38%,30.82%,7.90%,19.12%,8.01%,4.21%,10.18%,4.18%,7.57,18.32,7.57,7.57,98.13,30.37,30.37,12.55,30.37,2.34,4090.50%,3242.03%,46.03%,184.28%,1.22,1.29,-1.95%,-2.77%,-16.20%,-22.89%,3.98%,0.00%,0.00%,41.35%,42.94,-1.02%,-4.71%,-24.59%,-1.27
Gurans Laghubitta Bittiya Sanstha,2025/26 Q4,"1,620.00","1,809.51",30.00,-3.28%,-9.50%,-8.47%,-17.33%,-10.96%,"1,876,761,900.00","132,358.05","92,006.65","308,002.79","184,973.85","41,180.51",0.00,62.16%,63.15%,0.00%,4.57%,1.03%,60.06%,46.87%,0.00%,19.21%,13.37%,18.39%,1.52%,19.80%,1.76%,0.15%,1.83%,31.11,2.57,31.11,31.11,169.51,52.06,52.06,628.47,52.06,9.55,13.73%,7.58%,90.33%,1033.77%,0.94,0.64,-2.80%,-3.98%,-19.96%,-28.86%,3.76%,-0.23%,-1634.78%,79.59%,31.12,-2.80%,-5.90%,-27.09%,-12.33
Ganapati Microfinance Bittiya Sanstha,2025/26 Q4,"1,090.00","1,287.07",0.00,-3.54%,-10.29%,-15.31%,-28.48%,-30.14%,"1,651,945,140.00","151,554.53","87,895.48","312,290.74","174,174.41","43,465.94",0.00,43.83%,89.47%,0.00%,-41.62%,-29.41%,55.77%,38.81%,0.00%,19.96%,13.92%,17.51%,-28.33%,16.19%,1.70%,-2.74%,1.67%,28.68,-46.39,28.68,28.68,157.99,38.00,38.00,-23.49,38.00,6.89,6.04%,26.83%,90.40%,1042.00%,0.99,0.80,-2.23%,-3.17%,-14.21%,-20.13%,2.83%,-0.72%,-393.06%,84.56%,32.52,-8.13%,-13.18%,-34.77%,-5.85
Union Hydropower Limited,2025/26 Q4,354.00,437.54,-1.00,-0.28%,-6.82%,-14.08%,-25.58%,-12.03%,"2,655,000,000.00","750,000.00","37,619.34","81,315.95","79,389.36","32,678.58",0.00,97.58%,38.08%,60.06%,18.98%,18.09%,97.63%,20.51%,77.26%,41.58%,40.19%,4.16%,1.64%,4.21%,4.16%,1.64%,4.21%,4.35,1.71,4.35,4.35,105.01,81.24,81.24,206.04,81.24,3.37,5917.17%,3203.12%,0.40%,100.00%,1.67,1.24,-2.47%,-3.52%,-17.04%,-24.18%,3.96%,-0.38%,-1042.11%,48.99%,32.00,-8.62%,-17.05%,-36.79%,-1.14
Swabhimaan Laghubitta Bittiya Sanstha Ltd,2025/26 Q4,"1,394.00","1,575.19",39.00,-2.52%,-9.19%,-9.07%,-18.00%,-17.18%,"2,139,030,270.00","153,445.50","149,612.58","419,557.34","237,367.97","51,819.35",0.00,58.04%,53.48%,0.00%,10.88%,7.62%,56.58%,49.87%,0.00%,17.64%,12.35%,16.35%,10.26%,16.90%,1.57%,0.98%,1.60%,33.77,21.19,33.77,33.77,197.50,41.27,41.27,65.78,41.27,7.05,6.58%,20.93%,90.68%,1072.63%,0.93,0.54,-2.25%,-3.20%,-12.64%,-17.97%,3.20%,-0.37%,-864.86%,75.21%,43.49,-0.40%,-6.54%,-21.46%,-4.44
Infinity Laghubitta Bittiya Sanstha Limited,2025/26 Q4,829.00,921.56,-1.00,-1.88%,-6.20%,-10.17%,-14.70%,-34.58%,"4,123,578,640.00","497,415.94","307,073.65","806,029.62","479,173.53","182,365.10",0.00,71.98%,13.56%,0.00%,67.77%,40.49%,59.45%,32.39%,0.00%,35.46%,22.63%,24.30%,56.80%,24.17%,2.98%,6.97%,2.93%,36.66,85.70,36.66,36.66,161.73,22.61,22.61,9.67,22.61,5.12,-7.60%,6.93%,86.77%,755.69%,0.98,0.68,-1.97%,-2.81%,-15.91%,-22.50%,2.81%,-0.80%,-351.25%,65.23%,28.89,-1.61%,-9.40%,-34.58%,-5.36
Rasuwagadhi Hydropower Company Limited,2025/26 Q4,178.80,271.60,10.80,-12.87%,-30.70%,-34.05%,-34.26%,-38.87%,"12,233,674,800.00","6,842,100.00","-2,257,058.00","1,266,672.00","956,167.00","-1,445,890.00",0.00,77.23%,1.66%,69.10%,18.46%,-42.18%,75.49%,2.68%,68.14%,-9.56%,-114.15%,-30.84%,-17.60%,-28.24%,-7.66%,-4.37%,-7.07%,-21.13,-12.05,-21.13,-21.13,67.01,-8.46,-8.46,-14.82,-8.46,2.66,25.19%,22.06%,102.53%,403.52%,1.31,1.35,-2.17%,-3.07%,-16.00%,-22.36%,4.24%,-0.93%,-455.91%,99.88%,20.32,-26.86%,-8.23%,-44.12%,-8.81
Sanjen Jalavidhyut Company Limited,2025/26 Q4,238.90,292.97,-0.10,3.02%,-14.00%,-18.41%,-16.64%,-20.47%,"8,719,850,000.00","3,650,000.00","-592,808.90","1,641,567.15","1,403,500.20","81,978.42",0.00,82.52%,-0.16%,82.89%,49.85%,13.42%,85.50%,2.66%,82.76%,47.66%,4.99%,2.71%,7.99%,2.69%,0.70%,2.06%,0.68%,2.24,6.62,2.24,2.24,83.75,106.36,106.36,36.06,106.36,2.85,55.37%,47.19%,82.60%,382.67%,1.26,1.31,-1.96%,-2.78%,-14.64%,-20.48%,3.68%,-0.43%,-855.81%,17.78%,30.85,-11.40%,-8.04%,-33.27%,-3.06
Saptakoshi Development Bank Ltd,2025/26 Q4,696.00,821.50,2.90,0.29%,-15.01%,-31.43%,-21.80%,-15.75%,"5,806,995,960.00","834,338.43","-110,842.88","551,870.50","233,425.93","150,473.88","65,242.64",48.79%,24.72%,0.00%,100.20%,55.92%,42.30%,38.88%,0.00%,44.93%,27.27%,22.60%,54.93%,24.21%,1.53%,3.73%,1.66%,18.03,43.84,18.03,18.03,86.71,38.59,38.59,15.87,38.59,8.02,0.00%,17.16%,92.85%,1397.81%,1.52,1.18,-3.06%,-4.36%,-17.85%,-25.87%,6.47%,-0.30%,-2156.67%,46.37%,36.88,-10.04%,-5.37%,-33.61%,-10.17
Samriddhi Finance Company Limited,2025/26 Q3,370.00,388.59,-5.00,0.00%,0.00%,-3.90%,-1.60%,-15.61%,"3,029,972,180.00","818,911.40","-325,119.36","191,808.63","61,420.39",740.63,651.62,37.81%,35.58%,0.00%,5.24%,-0.64%,34.88%,37.76%,0.00%,26.64%,25.51%,0.20%,-0.35%,14.13%,0.03%,-0.05%,1.95%,0.12,-0.20,8.35,0.12,60.29,"3,068.28","3,068.28","-1,765.87",44.30,6.13,0.00%,39.65%,86.87%,761.65%,1.58,1.51,-2.65%,-3.77%,-17.47%,-24.86%,3.40%,-0.29%,-1172.41%,64.56%,44.37,1.30%,-5.22%,-15.91%,-0.28
Nepal Finance,2025/26 Q4,525.00,592.81,-9.90,-1.00%,-7.89%,-16.59%,-15.05%,-20.73%,"4,404,455,475.00","778,146.74","180,400.36","337,469.62","84,066.80","-69,616.35","-74,627.44",28.81%,15.99%,0.00%,10.00%,10.00%,24.91%,27.41%,0.00%,-20.63%,-20.63%,-7.30%,3.78%,-7.20%,-1.23%,0.64%,-1.28%,-8.94,4.63,-8.94,-8.28,123.18,-63.37,-58.68,113.36,-58.68,4.26,0.00%,67.48%,83.09%,591.42%,1.50,2.30,-2.69%,-3.83%,-25.75%,-37.07%,3.22%,-0.43%,-748.84%,57.03%,29.41,-7.44%,-7.04%,-26.06%,-3.22
Himal Dolakha Hydropower Company Limited,2025/26 Q4,198.70,220.69,2.60,-0.60%,-6.05%,-8.05%,13.54%,4.41%,"5,563,600,000.00","2,800,000.00","-784,731.48","69,600.79","38,877.17","-95,223.76",0.00,-602219.58%,433962.96%,-1036182.54%,-292485.03%,91177.78%,55.86%,21.14%,34.72%,-96.92%,-136.81%,-4.66%,-0.71%,-4.53%,-4.25%,-0.65%,-4.15%,-3.40,-0.51,-3.40,-3.40,71.97,-58.42,-58.42,-383.86,-58.42,2.76,251.94%,21.27%,19.91%,109.56%,1.43,1.34,-1.96%,-2.80%,-14.98%,-21.20%,4.74%,0.10%,4740.00%,55.87%,37.01,-1.34%,0.90%,-25.02%,-1.21
Nepal Reinsurance Company Limited,2025/26 Q3,806.00,991.17,11.00,-7.34%,-13.98%,-23.96%,-36.13%,-51.61%,"108,182,828,026.00","13,422,187.08","-4,906,557.12","6,681,667.25","-5,727,392.77","-5,840,295.33",0.00,91.02%,1.71%,89.31%,89.14%,89.14%,-44.47%,2.05%,-46.52%,-46.67%,-48.58%,-57.34%,63.17%,-33.31%,-19.90%,21.93%,-14.21%,-58.01,63.91,-39.88,-58.01,109.20,-13.89,-13.89,12.60,-20.20,7.38,0.00%,0.00%,62.93%,269.73%,1.26,1.33,-1.92%,-2.73%,-16.66%,-23.65%,5.02%,-1.42%,-353.52%,89.16%,22.48,-16.79%,-16.21%,-51.69%,-11.15
NIC ASIA Laghubitta Bittiya Sanstha Limited,2025/26 Q4,519.90,572.11,8.90,-1.38%,-5.13%,-8.79%,-6.32%,-13.82%,"9,043,348,560.00","1,739,440.00","135,191.92","2,482,128.17","1,402,290.19","122,010.74",0.00,66.56%,61.85%,0.00%,10.18%,1.83%,56.50%,52.58%,0.00%,9.79%,4.92%,5.97%,2.95%,5.84%,0.52%,0.26%,0.53%,7.01,3.47,7.01,7.01,107.77,74.11,74.11,149.77,74.11,4.82,11.85%,108.89%,92.17%,1276.37%,1.15,1.19,-1.78%,-2.51%,-14.25%,-19.62%,2.69%,-0.24%,-1120.83%,66.55%,27.64,-2.17%,-3.31%,-21.94%,-2.71
Aarambha Chautari Laghubitta Bittiya Sanstha Limited,2025/26 Q4,894.80,954.56,29.80,1.68%,-3.78%,-6.69%,-3.26%,-14.92%,"3,285,200,038.00","367,143.40","297,033.08","819,953.83","474,512.62","102,017.98",0.00,65.61%,65.13%,0.00%,6.87%,3.89%,57.87%,47.76%,0.00%,17.92%,12.44%,15.43%,5.04%,16.47%,1.68%,0.55%,1.64%,27.78,9.07,27.78,27.78,180.90,32.20,32.20,98.55,32.20,4.94,12.85%,10.78%,88.84%,895.96%,0.99,1.03,-1.79%,-2.54%,-14.49%,-20.40%,2.56%,-0.30%,-853.33%,22.08%,41.75,1.09%,-3.79%,-16.69%,-2.33
NRN Infrastructure and Development Limited,2025/26 Q4,"1,410.00","1,444.53",60.00,4.91%,1.15%,2.55%,3.48%,-5.83%,"18,109,649,430.00","1,798,121.20","1,244,773.04","48,628.97","41,300.97","-77,689.18",0.00,64.84%,0.00%,-17.93%,-17.93%,-17.35%,48.57%,0.00%,8.66%,8.66%,-159.76%,-2.53%,-0.47%,-2.49%,-2.28%,-0.42%,-2.15%,-4.32,-0.80,-4.32,-4.32,169.22,-326.34,-326.34,"-1,752.70",-326.34,8.33,461.11%,461.11%,8.62%,109.43%,1.49,1.50,-2.33%,-3.33%,-18.70%,-27.45%,4.27%,-0.11%,-3881.82%,12.56%,55.80,9.99%,-3.37%,-16.77%,1.92
Unnati Sahakarya Laghubitta Bittiya Sanstha Limited,2025/26 Q4,995.00,"1,262.19",19.00,2.58%,-11.71%,-20.59%,-31.85%,-51.39%,"2,456,316,700.00","246,865.73","194,692.13","546,659.36","311,350.80","69,161.09",0.00,59.79%,41.89%,0.00%,27.00%,16.58%,56.96%,44.90%,0.00%,18.98%,12.65%,16.12%,23.15%,17.40%,1.59%,2.28%,1.64%,28.01,40.24,28.01,28.01,178.86,35.51,35.51,24.72,35.51,5.56,-2.79%,16.41%,89.99%,998.91%,1.10,0.78,-2.48%,-3.49%,-19.21%,-27.14%,5.14%,-1.38%,-372.46%,22.28%,32.13,-12.83%,-17.80%,-58.75%,-9.71
Liberty Energy Company Limited,2025/26 Q4,210.20,226.70,0.20,0.53%,-8.01%,-5.70%,7.52%,-10.62%,"4,729,500,000.00","2,250,000.00","-666,125.80","174,518.23","153,905.98","25,240.94",0.00,85.73%,0.45%,93.25%,95.34%,95.05%,88.19%,2.97%,85.97%,53.41%,14.46%,1.60%,3.84%,1.60%,0.42%,1.02%,0.43%,1.12,2.69,1.12,1.12,70.39,187.37,187.37,78.03,187.37,2.98,51082.21%,2050.47%,73.56%,375.50%,1.38,1.21,-2.13%,-3.03%,-14.59%,-20.53%,4.44%,-0.08%,-5550.00%,44.63%,40.44,2.10%,-0.53%,-21.80%,-2.16
Shiva Shree Hydropower Ltd,2025/26 Q4,193.30,211.70,2.30,0.10%,-4.78%,-8.86%,26.59%,4.44%,"2,853,881,200.00","2,952,800.00","-1,391,116.22","375,129.34","363,091.88","-119,110.36",0.00,92.11%,32.08%,60.31%,1.90%,-92.11%,96.79%,25.98%,70.93%,36.97%,-31.75%,-7.51%,-12.66%,-10.64%,-2.65%,-4.47%,-2.78%,-4.03,-6.80,-4.03,-4.03,52.88,-47.91,-47.91,-28.41,-47.91,3.65,85.14%,85.11%,75.36%,285.17%,1.18,0.95,-1.76%,-2.50%,-11.96%,-16.84%,4.36%,0.11%,3963.64%,50.09%,40.56,-1.79%,2.30%,-20.75%,-1.08
Sanima GIC Insurance Limited,2025/26 Q4,375.90,473.20,-1.10,-9.86%,-18.25%,-23.32%,-17.38%,-29.52%,"8,081,850,000.00","2,257,500.00","98,755.61","1,420,279.63","671,663.04","130,039.87",0.00,49.29%,28.53%,23.40%,21.94%,15.25%,47.29%,32.53%,15.47%,13.29%,9.16%,5.53%,13.39%,5.70%,1.47%,3.56%,1.44%,5.76,13.94,5.76,5.76,147.33,65.25,65.25,26.96,65.25,1.25,0.00%,0.00%,62.21%,264.62%,1.11,1.21,-1.83%,-2.60%,-14.62%,-20.44%,3.53%,-0.65%,-543.08%,99.71%,16.72,-17.08%,-1.21%,-29.52%,-7.39
Narayani Development Bank,2025/26 Q4,728.30,992.10,28.30,-3.97%,-11.71%,-15.31%,-38.28%,-0.09%,"1,911,551,530.80","524,993.05","-370,273.81","22,877.32","-2,799.04","-53,796.88","-53,796.88",-5.26%,201.21%,0.00%,-61.50%,-61.35%,-12.23%,186.15%,0.00%,-199.49%,-235.15%,-32.82%,-9.80%,-45.49%,-7.36%,-2.20%,-8.66%,-10.24,-3.05,-10.24,-10.24,29.47,-71.07,-71.07,-238.05,-71.07,24.71,0.00%,79.16%,80.00%,499.97%,0.98,0.77,-2.35%,-3.37%,-18.64%,-27.24%,7.64%,0.01%,76400.00%,70.24%,29.39,-12.68%,-27.84%,-59.31%,-10.99
Mountain Energy Nepal Limited,2025/26 Q4,621.80,599.65,6.80,1.11%,3.63%,3.81%,10.05%,20.43%,"16,183,686,844.40","3,123,258.85","1,585,941.17","1,533,543.69","1,309,983.84","797,043.75",0.00,86.85%,2.00%,84.85%,69.57%,59.37%,85.42%,2.75%,82.73%,65.35%,51.97%,17.42%,23.55%,18.17%,11.55%,15.62%,11.62%,25.51,34.50,25.51,25.51,150.77,24.36,24.36,18.02,24.36,4.12,371.34%,292.84%,41.18%,148.42%,0.93,0.86,-1.87%,-2.66%,-12.50%,-17.62%,2.16%,0.37%,583.78%,36.77%,59.10,9.49%,1.64%,-4.06%,-1.89
United IDI Mardi RB Hydropower Limited,2025/26 Q4,514.00,539.65,12.70,-0.19%,-4.81%,-4.81%,-0.93%,-8.61%,"2,368,635,360.00","483,865.20","58,068.93","180,288.53","157,112.37","55,777.79",0.00,80.88%,56.77%,24.11%,-10.89%,-67.20%,87.14%,13.44%,73.71%,57.84%,30.94%,10.16%,-10.01%,10.58%,4.23%,-4.16%,4.18%,11.52,-11.35,11.52,11.52,112.00,44.58,44.58,-45.28,44.58,4.58,45.34%,45.34%,66.40%,239.58%,1.48,1.08,-2.39%,-3.39%,-17.06%,-24.34%,2.46%,-0.17%,-1447.06%,50.32%,40.44,1.70%,-2.52%,-15.74%,-2.01
Prabhu Mahalaxmi Life Insurance Limited,2025/26 Q4,402.10,462.54,3.10,-0.49%,-9.44%,-14.26%,-15.11%,-15.89%,"20,521,768,608.00","5,307,793.92","428,240.51","7,474,220.66","1,292,577.74","375,593.03",0.00,23.38%,21.83%,5.32%,4.39%,4.16%,17.29%,11.52%,6.38%,5.31%,5.03%,6.60%,7.07%,6.66%,1.51%,1.61%,1.63%,7.07,7.57,7.07,7.07,116.57,56.82,56.82,53.07,56.82,3.72,0.00%,0.00%,75.98%,416.29%,0.94,1.14,-1.59%,-2.24%,-14.56%,-20.46%,2.55%,-0.33%,-772.73%,52.66%,28.93,-8.52%,-7.11%,-24.56%,-2.16
Chandragiri Hills Limited,2025/26 Q4,768.00,801.22,-3.00,-0.26%,-1.35%,-1.79%,-10.59%,-21.17%,"11,781,818,880.00","1,610,795.55","95,038.32","806,210.44","377,705.36","82,489.85",0.00,52.93%,18.55%,52.93%,43.46%,36.51%,46.85%,23.30%,46.85%,31.65%,16.63%,4.97%,22.13%,5.04%,2.04%,9.07%,2.12%,5.12,22.80,5.12,5.12,105.90,149.96,149.96,33.67,149.96,7.25,326.76%,295.73%,58.68%,242.03%,1.09,1.15,-1.83%,-2.60%,-14.26%,-19.85%,2.49%,-0.44%,-565.91%,47.12%,43.60,4.86%,-5.41%,-21.17%,-1.39
Nepal Infrastructure Bank Limited,2025/26 Q4,241.00,260.07,-9.00,0.71%,-2.43%,-7.66%,-9.06%,-9.95%,"52,056,000,000.00","21,600,000.00","3,718,738.00","2,424,011.00","1,446,678.00","987,396.00","987,396.00",59.22%,15.35%,0.00%,80.48%,55.77%,59.68%,12.40%,0.00%,58.45%,40.73%,3.92%,5.47%,3.90%,2.38%,3.31%,2.38%,4.57,6.37,4.57,4.57,117.21,52.72,52.72,37.82,52.72,2.05,0.00%,47.23%,39.50%,165.28%,1.24,1.34,-1.77%,-2.51%,-14.42%,-20.26%,2.41%,-0.20%,-1205.00%,35.29%,39.62,0.05%,-5.58%,-18.31%,-0.32
GreenLife Hydropower Limited,2025/26 Q4,244.30,266.99,3.30,-0.89%,-5.31%,-7.78%,-2.08%,-7.03%,"4,397,400,000.00","1,800,000.00","216,950.71",0.00,0.00,"41,905.78",0.00,0.00%,0.00%,0.00%,0.00%,0.00%,0.00%,0.00%,0.00%,0.00%,0.00%,2.08%,2.49%,2.10%,0.41%,0.49%,0.42%,2.32,2.77,2.32,2.32,112.05,104.93,104.93,87.98,104.93,2.18,755.39%,1.86%,95.41%,504.11%,1.41,1.21,-2.25%,-3.20%,-14.49%,-20.15%,3.53%,-0.13%,-2715.38%,58.63%,37.76,0.07%,-3.85%,-24.08%,-1.81
Mahila Lagubitta Bittiya Sanstha Limited,2025/26 Q4,"1,037.00","1,715.88",-27.00,-8.23%,-36.58%,-42.39%,-46.96%,-51.87%,"2,256,123,125.00","217,562.50","105,956.57","838,150.53","500,576.66","82,487.57",0.00,72.20%,68.29%,0.00%,13.07%,9.15%,59.72%,55.76%,0.00%,14.06%,9.84%,19.34%,25.72%,16.64%,1.46%,1.95%,1.45%,37.91,50.42,37.91,37.91,148.70,27.35,27.35,20.56,27.35,6.97,22.28%,6.69%,94.12%,1700.00%,0.70,0.52,-1.68%,-2.37%,-10.99%,-15.29%,4.26%,-1.40%,-304.29%,95.43%,13.99,-34.18%,-14.82%,-53.46%,-11.88
Singati Hydro Energy Limited,2025/26 Q4,293.50,311.76,3.50,0.00%,-4.37%,-5.63%,7.63%,0.85%,"8,511,500,000.00","3,045,000.00","199,875.12","702,206.14","685,247.77","206,462.18",0.00,95.98%,11.62%,84.36%,47.79%,1.42%,97.58%,10.23%,87.36%,60.09%,29.40%,6.17%,0.21%,6.27%,3.48%,0.12%,3.42%,6.78,0.22,6.78,6.78,109.81,43.28,43.28,"1,277.38",43.28,2.67,251.81%,51.57%,51.78%,176.84%,1.35,1.50,-2.07%,-2.95%,-16.96%,-24.21%,3.75%,0.02%,18750.00%,50.21%,39.71,1.27%,0.35%,-17.11%,-1.32
Ru Ru Jalbidhyut Pariyojana Limited,2025/26 Q4,565.10,644.26,-8.90,-3.57%,-8.11%,-13.07%,-15.72%,-13.71%,"3,205,938,317.30","624,054.42","179,946.55","138,735.79","92,156.68","64,909.11",0.00,43.15%,17.07%,26.08%,26.08%,13.89%,66.43%,9.67%,56.87%,56.87%,46.79%,8.09%,1.43%,8.07%,7.80%,1.38%,7.93%,10.40,1.84,10.40,10.40,128.83,54.33,54.33,306.39,54.33,4.38,321.79%,184.68%,27.13%,107.46%,0.96,0.81,-2.07%,-2.94%,-10.65%,-14.85%,1.95%,-0.30%,-650.00%,95.62%,17.67,-5.97%,-5.96%,-24.51%,-3.57
CEDB Holdings Limited,2025/26 Q4,"2,167.00","2,283.22",35.00,-0.78%,-2.74%,-3.69%,-3.39%,-14.91%,"22,411,917,957.00","1,034,237.06","1,745,499.94","650,675.32","646,450.52","632,116.08",0.00,97.42%,0.00%,97.42%,97.42%,96.94%,98.40%,0.00%,98.40%,98.40%,97.15%,23.23%,23.31%,26.15%,22.68%,22.75%,25.67%,61.11,61.32,61.11,61.11,268.77,35.45,35.45,35.33,35.45,8.06,1721.79%,1721.79%,2.04%,102.09%,1.22,1.55,-1.97%,-2.83%,-16.55%,-24.23%,3.37%,-0.31%,-1087.10%,55.55%,44.79,3.39%,-5.60%,-19.98%,-11.54
Jeevan Bikas Laghubitta Bittya Sanstha Ltd,2025/26 Q4,"1,249.00","1,290.18",4.00,0.55%,-0.95%,-2.12%,-3.10%,-1.61%,"19,186,782,035.00","1,751,235.56","3,151,329.86","4,225,066.12","2,350,833.10","1,082,224.42",0.00,58.95%,4.47%,0.00%,62.48%,40.63%,55.64%,22.71%,0.00%,40.92%,25.61%,23.09%,38.86%,24.48%,3.23%,5.44%,3.40%,61.79,103.99,61.79,61.79,279.94,20.21,20.21,12.01,20.21,4.46,-18.61%,11.29%,85.71%,699.55%,0.92,0.86,-1.56%,-2.21%,-11.43%,-16.07%,2.18%,-0.01%,-21800.00%,39.86%,45.07,4.19%,-2.85%,-14.22%,-1.78
Sanima Reliance Life Insurance Limited,2025/26 Q4,353.50,389.01,2.50,-0.98%,-5.98%,-11.54%,-9.94%,-9.19%,"17,727,756,340.00","5,014,924.05","359,883.81","9,499,907.63","1,400,687.31","383,865.01",0.00,14.43%,13.11%,2.46%,1.82%,1.46%,14.74%,10.62%,5.21%,4.38%,4.04%,7.17%,3.21%,7.17%,1.23%,0.55%,1.32%,7.65,3.43,7.65,7.65,112.61,46.18,46.18,103.05,46.18,3.29,0.00%,0.00%,82.50%,571.37%,0.96,0.97,-1.76%,-2.50%,-17.68%,-25.45%,2.29%,-0.18%,-1272.22%,63.82%,26.16,-5.89%,-3.85%,-17.79%,-1.37
Mailung Khola Jal Vidhyut Company Limited,2025/26 Q4,297.40,481.47,19.40,-15.58%,-35.35%,-39.18%,-41.73%,-48.81%,"1,119,175,085.20","376,319.80","7,431.40","97,118.70","84,936.50","1,732.66",0.00,75.19%,12.87%,-11.89%,-75.90%,-55.01%,87.46%,8.36%,60.61%,13.55%,1.78%,0.45%,-10.11%,0.44%,0.26%,-6.00%,0.25%,0.46,-10.44,0.46,0.46,101.97,645.92,645.92,-28.48,645.92,2.91,196.90%,142.17%,55.94%,166.71%,1.20,0.65,-2.59%,-3.68%,-21.74%,-31.49%,4.50%,-1.29%,-348.84%,99.97%,17.55,-33.05%,-12.33%,-52.03%,-17.17
Manushi Laghubitta Bittiya Sanstha Limited,2025/26 Q4,994.30,"1,256.19",-10.70,-3.37%,-12.40%,-20.14%,-31.43%,-36.15%,"1,087,515,625.00","109,375.00","3,385.24","215,845.64","105,064.81","26,970.39",0.00,46.36%,23.09%,0.00%,36.24%,25.37%,48.68%,45.93%,0.00%,17.85%,12.50%,20.19%,41.30%,19.22%,1.55%,3.17%,1.62%,24.65,50.45,24.65,24.65,103.09,40.32,40.32,19.70,40.32,9.64,-12.85%,14.05%,93.72%,1593.24%,0.90,0.72,-2.54%,-3.63%,-40.99%,-59.34%,3.16%,-0.86%,-367.44%,79.20%,30.66,-14.13%,-15.71%,-40.32%,-8.06
Sahas Urja Limited,2025/26 Q4,688.30,648.70,-22.70,0.94%,1.97%,3.50%,25.60%,29.25%,"26,017,740,000.00","4,573,800.00","3,685,780.09","2,844,534.70","2,616,251.75","1,359,156.44",0.00,84.56%,-2.74%,93.39%,60.43%,34.55%,91.97%,1.25%,91.82%,69.46%,47.78%,16.63%,8.64%,17.63%,8.08%,4.19%,8.25%,29.71,15.43,29.71,29.71,180.58,23.16,23.16,44.60,23.16,3.81,1366.02%,85.92%,59.58%,207.31%,1.14,0.96,-1.89%,-2.70%,-13.82%,-20.13%,2.46%,0.52%,473.08%,43.38%,56.99,11.50%,8.51%,-2.92%,-1.84
Terhathum Power Company Limited,2025/26 Q4,344.00,372.29,5.00,-0.61%,-6.93%,-6.24%,-6.47%,1.20%,"2,752,000,000.00","800,000.00","29,094.41","182,612.26","124,604.15","89,339.14",0.00,67.52%,6.62%,60.90%,60.57%,50.59%,68.23%,3.88%,64.35%,64.00%,48.92%,10.94%,12.93%,12.83%,7.87%,9.30%,7.82%,11.16,13.19,11.16,11.16,103.63,30.80,30.80,26.06,30.80,3.31,247.35%,183.00%,30.92%,135.33%,0.98,0.61,-2.06%,-2.95%,-18.04%,-26.24%,3.73%,0.06%,6216.67%,57.13%,35.75,1.39%,-3.06%,-19.81%,-2.27
Samling Power Company Limited,2025/26 Q4,397.00,453.36,20.00,-0.50%,-6.08%,-13.13%,-25.52%,-21.50%,"1,985,000,000.00","500,000.00","49,399.41","235,192.15","208,896.33","19,848.57",0.00,92.47%,10.58%,81.88%,57.73%,25.76%,88.82%,7.22%,81.60%,48.37%,8.44%,3.67%,15.62%,3.66%,1.04%,4.45%,1.02%,3.96,16.91,3.96,3.96,109.87,100.00,100.00,23.46,100.00,3.61,69.74%,65.36%,83.21%,345.67%,1.11,0.99,-2.63%,-3.75%,-17.13%,-24.46%,2.85%,-0.45%,-633.33%,50.70%,39.25,-5.79%,-11.62%,-29.23%,-2.21
Nyadi Hydropower Limited,2025/26 Q4,346.00,390.26,8.50,0.44%,-5.72%,-14.78%,-17.03%,-16.23%,"5,190,000,000.00","1,650,000.00","-617,933.00","652,012.00","352,840.00","40,446.00",0.00,-83.67%,21.93%,-103.65%,-103.65%,-254.09%,54.12%,5.02%,50.76%,50.76%,6.20%,3.73%,-39.54%,3.81%,0.75%,-7.96%,0.74%,2.45,-26.01,2.45,2.45,62.54,141.15,141.15,-13.29,141.15,5.53,88.01%,88.01%,84.79%,513.48%,1.42,1.10,-2.70%,-3.85%,-19.90%,-28.43%,3.98%,-0.31%,-1283.87%,42.63%,36.45,-9.93%,-6.61%,-24.54%,-1.63
Madhya Bhotekoshi Jalavidyut Company Limited,2025/26 Q4,266.30,283.46,9.80,4.02%,-0.30%,-5.70%,-5.90%,-15.01%,"15,978,000,000.00","6,000,000.00","-225,258.13","2,144,669.86","1,924,680.09","169,583.86",0.00,87.22%,2.33%,84.94%,50.80%,12.99%,89.74%,2.31%,87.46%,52.22%,7.91%,2.96%,6.48%,2.99%,0.81%,1.77%,0.79%,2.82,6.18,2.82,2.82,96.24,94.21,94.21,43.02,94.21,2.76,38.11%,38.06%,80.21%,355.07%,1.31,2.19,-2.27%,-3.25%,-38.01%,-54.96%,2.44%,-0.29%,-841.38%,4.15%,51.12,1.00%,-5.23%,-19.38%,-0.01
Buddha Bhumi Nepal Hydropower Company Limited,2025/26 Q4,258.00,319.67,3.00,-3.08%,-11.34%,-21.82%,-4.27%,-14.26%,"1,032,000,000.00","801,690.40","3,059.03","185,017.46","172,928.80","11,953.73",0.00,87.52%,25.94%,62.25%,8.24%,-29.51%,93.47%,12.91%,80.79%,49.16%,6.46%,2.09%,-7.98%,2.84%,0.86%,-3.28%,0.92%,1.49,-5.68,1.49,1.44,100.38,178.40,173.03,-45.40,173.03,2.57,762.05%,762.05%,50.74%,191.83%,0.97,0.53,-2.25%,-3.21%,-15.52%,-22.15%,4.88%,-0.27%,-1807.41%,72.11%,29.89,-14.82%,-6.30%,-32.11%,-2.29
Emerging Nepal Limited,2025/26 Q4,817.80,868.41,-2.20,-1.93%,1.73%,-6.54%,-9.13%,-19.43%,"4,543,696,800.00","555,600.00","56,027.75","22,590.91","19,236.73","15,013.78",0.00,-6361.28%,0.00%,-6361.28%,-6361.28%,-5267.89%,61.32%,0.00%,61.32%,61.32%,66.46%,2.45%,-1.78%,2.46%,2.40%,-1.75%,2.40%,2.70,-1.96,2.70,2.70,110.08,302.63,302.63,-415.37,302.63,7.42,179.21%,179.21%,2.17%,102.21%,1.08,0.60,-2.45%,-3.50%,-18.17%,-26.16%,2.80%,-0.37%,-756.76%,71.37%,51.04,0.82%,-7.72%,-19.43%,0.69
NESDO Sambridha Laghubitta Bittiye Sanstha Limited,2025/26 Q4,"1,293.00","1,524.39",-7.00,-4.15%,-12.58%,-16.85%,-13.28%,-13.90%,"3,766,993,875.00","291,337.50","539,246.77","527,579.88","295,381.20","137,014.10",0.00,57.63%,67.16%,0.00%,4.27%,-3.67%,55.99%,44.07%,0.00%,39.66%,25.97%,16.43%,-2.49%,17.06%,3.29%,-0.50%,3.30%,47.02,-7.14,47.02,47.02,285.09,27.49,27.49,-181.03,27.49,4.53,2.44%,33.77%,79.86%,496.44%,0.81,0.15,-1.99%,-2.84%,-32.84%,-47.45%,2.02%,-0.30%,-673.33%,97.44%,13.50,-8.15%,-3.38%,-21.63%,-11.16
Green Ventures Limited,2025/26 Q4,472.60,489.17,7.50,0.02%,-1.95%,-3.94%,-5.67%,-12.70%,"16,245,625,000.00","3,437,500.00","836,288.39","1,488,581.24","778,942.92","449,234.20",0.00,-13.07%,3.45%,27.08%,27.08%,-23.42%,52.33%,1.89%,56.19%,56.19%,30.18%,10.45%,-4.20%,10.75%,4.18%,-1.68%,4.17%,13.06,-5.25,13.06,13.06,124.32,36.16,36.16,-89.89,36.16,3.80,2587.20%,1760.22%,60.62%,251.02%,1.28,0.94,-2.20%,-3.14%,-14.60%,-21.12%,2.34%,-0.25%,-936.00%,45.41%,43.79,4.34%,-3.97%,-21.10%,-0.77
Balephi Hydropower Limited,2025/26 Q4,199.00,218.58,2.00,-1.00%,-5.69%,-7.74%,12.37%,2.99%,"7,275,320,600.00","3,655,940.00","-686,410.80","1,153,198.48","1,050,128.22","289,106.76",0.00,88.82%,19.97%,76.26%,49.53%,19.46%,91.06%,7.97%,91.23%,64.49%,25.07%,9.81%,7.26%,10.02%,3.38%,2.50%,3.38%,7.90,5.84,7.90,7.90,81.22,25.16,25.16,34.02,25.16,2.44,517.05%,171.88%,67.96%,289.05%,1.01,0.52,-2.11%,-3.01%,-17.79%,-25.91%,3.97%,0.08%,4962.50%,60.72%,35.90,-1.25%,1.17%,-22.78%,-1.26
Upakar Laghubitta Bittiya Sanstha Limited,2025/26 Q4,"2,790.00","2,941.14",400.00,14.25%,1.53%,-6.34%,-19.83%,-21.24%,"2,961,534,780.00","106,148.20","218,176.59","379,140.00","215,388.00","56,182.00",0.00,61.45%,32.56%,0.00%,33.89%,24.56%,56.81%,43.48%,0.00%,21.17%,14.82%,18.17%,33.03%,19.24%,1.82%,3.30%,1.85%,52.92,96.20,52.92,52.92,305.53,52.71,52.71,29.00,52.71,9.13,-3.64%,14.29%,88.75%,888.83%,0.81,0.61,-2.72%,-3.89%,-21.43%,-31.61%,3.39%,-0.49%,-691.84%,0.00%,55.47,-5.47%,-12.53%,-35.49%,19.98
CYC Nepal Laghubitta Bittiya Sanstha Limited,2025/26 Q4,"1,574.90","1,472.54",74.90,-2.12%,20.41%,9.14%,-3.91%,-4.11%,"4,195,917,875.60","266,424.39","686,707.99","869,494.13","455,163.79","294,812.21",0.00,59.52%,-63.95%,0.00%,132.97%,93.81%,52.35%,13.96%,0.00%,47.27%,33.91%,35.28%,115.55%,33.64%,4.03%,13.18%,4.02%,110.65,362.40,110.65,110.65,357.74,14.23,14.23,4.34,14.23,4.40,-32.70%,13.72%,86.88%,762.33%,0.55,0.88,-2.37%,-3.39%,-27.07%,-39.16%,4.55%,-0.07%,-6500.00%,67.54%,62.98,16.13%,-6.68%,-10.01%,17.09
River Falls Power Limited,2025/26 Q4,327.00,363.97,12.00,-1.21%,-1.06%,-10.41%,-8.12%,-7.95%,"2,289,000,000.00","1,400,000.00","276,959.29","264,331.18","226,908.72","37,945.50",0.00,70.75%,7.45%,63.30%,39.47%,30.82%,85.84%,6.03%,79.81%,57.20%,14.36%,2.28%,4.63%,2.94%,1.36%,2.77%,1.47%,2.71,5.51,2.71,2.71,119.78,120.64,120.64,59.33,120.64,2.72,1172.62%,776.56%,41.73%,166.08%,1.09,0.59,-2.21%,-3.15%,-16.56%,-24.26%,4.41%,-0.14%,-3150.00%,59.67%,42.64,-2.50%,-9.14%,-28.15%,-1.09
Dordi Khola Jal Bidyut Company Limited,2025/26 Q4,239.00,270.17,5.40,0.00%,-5.91%,-12.45%,-6.09%,-6.29%,"5,039,364,712.00","2,108,520.80","132,799.46","274,553.09","231,428.80","29,972.81",0.00,79.92%,8.68%,79.92%,37.88%,24.53%,84.29%,10.05%,82.26%,40.14%,10.92%,1.34%,3.02%,1.35%,0.80%,1.81%,0.84%,1.42,3.19,1.42,1.42,106.29,168.13,168.13,74.76,168.13,2.24,347.50%,180.60%,53.76%,169.59%,1.06,0.75,-1.96%,-2.78%,-14.83%,-21.32%,4.25%,-0.09%,-4722.22%,49.16%,37.12,-4.82%,-6.94%,-25.20%,-1.21
Bindhyabasini Hydropower Development Company Limited,2025/26 Q4,412.50,455.38,2.80,-1.08%,-3.73%,-9.58%,-9.32%,-22.61%,"4,660,425,000.00","1,186,290.00","217,273.88","455,635.11","444,964.27","139,841.02",0.00,97.62%,18.78%,82.97%,56.45%,21.64%,97.66%,16.89%,81.71%,58.54%,30.69%,10.00%,6.35%,10.37%,4.78%,3.03%,4.90%,11.78,7.48,11.78,11.78,118.31,34.99,34.99,55.14,34.99,3.48,423.50%,268.82%,59.63%,213.83%,1.08,0.79,-2.15%,-3.07%,-14.29%,-20.60%,3.05%,-0.47%,-648.94%,58.05%,37.74,-3.02%,-6.65%,-28.49%,-1.63
Himalayan Hydropower Limited,2025/26 Q4,320.00,356.62,3.00,-1.54%,-5.04%,-12.52%,-1.23%,-10.54%,"3,504,000,000.00","1,095,000.00","-161,185.50","329,471.79","289,482.10","80,177.89",0.00,85.18%,6.46%,78.71%,46.02%,16.18%,87.86%,7.52%,80.35%,50.70%,24.34%,8.64%,5.23%,8.87%,3.74%,2.26%,3.66%,7.32,4.42,7.32,7.32,85.27,43.70,43.70,72.26,43.70,3.75,157.09%,157.09%,61.57%,229.04%,1.29,1.12,-2.35%,-3.37%,-16.28%,-23.28%,3.47%,-0.21%,-1652.38%,65.03%,37.19,-2.80%,-3.52%,-21.66%,-1.56
Himalayan Everest Insurance Limited,2025/26 Q4,465.70,533.78,25.30,-7.78%,-13.57%,-17.14%,-6.69%,-18.59%,"11,643,233,477.50","2,500,157.40","274,792.45","3,008,056.27","1,344,620.28","337,885.14",0.00,63.24%,28.57%,32.15%,30.80%,21.17%,44.70%,27.67%,17.63%,15.96%,11.23%,12.46%,33.52%,12.25%,3.00%,8.06%,2.94%,13.51,36.36,13.51,13.51,213.93,34.45,34.45,12.80,34.45,1.58,0.00%,0.00%,50.13%,200.52%,1.18,1.15,-1.64%,-2.32%,-11.25%,-16.35%,3.30%,-0.40%,-825.00%,99.02%,27.04,-9.69%,1.30%,-20.53%,-8.74
Upper Hewakhola Hydropower Company Limited,2025/26 Q4,595.00,594.68,5.00,-10.79%,3.51%,-7.61%,8.40%,16.91%,"2,975,000,000.00","575,000.00","114,925.46","261,670.87","252,990.59","108,703.99",0.00,93.64%,33.20%,60.44%,60.44%,39.90%,96.68%,31.61%,65.35%,65.35%,41.54%,16.09%,16.57%,16.90%,6.97%,7.17%,7.02%,18.90,19.46,18.90,18.90,119.98,31.47,31.47,30.57,31.47,4.95,4619.53%,181.51%,58.35%,228.04%,1.17,0.60,-2.41%,-3.47%,-15.42%,-22.79%,4.17%,0.34%,1226.47%,99.76%,47.99,8.72%,3.41%,-10.79%,-3.34
Mandakini Hydropower Limited,2025/26 Q4,443.30,496.26,8.20,-1.49%,-5.58%,-11.29%,-8.79%,-10.93%,"2,867,118,554.30","646,767.00","102,494.79","121,708.65","108,770.70","56,658.88",0.00,90.38%,4.06%,86.32%,74.54%,55.57%,89.37%,4.82%,84.55%,63.19%,46.55%,7.64%,8.40%,7.81%,5.30%,5.83%,5.69%,8.76,9.63,8.76,8.76,115.84,50.60,50.60,46.02,50.60,3.82,1579.22%,321.62%,35.74%,149.70%,1.30,1.58,-2.34%,-3.35%,-17.55%,-25.36%,2.84%,-0.18%,-1577.78%,67.90%,34.80,-3.45%,-5.40%,-21.25%,-1.72
Swet-Ganga Hydropower & Construction Limited,2025/26 Q4,286.00,359.16,-2.00,-1.38%,-10.06%,-20.25%,-26.67%,-19.51%,"4,555,980,000.00","1,593,000.00","-260,525.88","847,095.43","759,293.87","177,349.25",0.00,83.46%,38.88%,43.86%,43.86%,-0.10%,89.63%,30.21%,58.44%,58.44%,20.94%,13.31%,-0.05%,13.90%,3.08%,-0.01%,3.07%,11.13,-0.04,11.13,11.13,83.64,25.68,25.68,"-6,532.69",25.68,3.41,54.94%,51.42%,83.61%,430.92%,1.43,1.35,-2.37%,-3.38%,-18.15%,-25.91%,4.56%,-0.36%,-1266.67%,58.94%,27.64,-13.86%,-14.69%,-37.14%,-0.83
Upper Solu Hydro Electric Company Limited,2025/26 Q4,484.00,498.02,-1.00,-1.63%,-2.36%,-4.91%,5.22%,3.11%,"6,534,000,000.00","1,350,000.00","256,755.34","738,286.13","635,997.23","208,763.01",0.00,75.74%,7.71%,69.92%,27.41%,1.68%,86.15%,4.64%,82.12%,55.93%,28.28%,13.00%,0.48%,13.53%,4.57%,0.17%,4.56%,15.46,0.56,15.46,15.46,119.01,31.29,31.29,850.24,31.29,4.06,181.80%,164.62%,70.40%,283.22%,1.34,1.12,-2.13%,-3.04%,-16.40%,-23.66%,2.84%,0.08%,3550.00%,72.76%,39.64,3.73%,1.23%,-8.83%,-2.45
Rapti Hydro And General Construction Limited,2025/26 Q4,243.00,283.50,2.00,-2.02%,-7.25%,-13.98%,0.00%,-11.95%,"2,978,177,868.00","1,225,587.60","-78,952.41","83,970.77","60,663.67","-26,419.38",0.00,-3.47%,8.79%,-61.38%,-253.35%,-331.96%,72.24%,3.28%,73.00%,-1.43%,-31.46%,-2.28%,-9.20%,-2.34%,-1.51%,-6.08%,-1.42%,-2.15,-8.70,-2.15,-2.15,93.55,-112.72,-112.72,-27.90,-112.72,2.59,722.75%,710.17%,35.53%,151.65%,1.16,0.85,-1.97%,-2.81%,-13.63%,-19.62%,4.37%,-0.20%,-2185.00%,66.31%,37.42,-7.12%,-5.32%,-28.13%,-1.73
Aviyan Laghubitta Bittiya Sanstha Limited,2025/26 Q4,"1,000.00","1,091.65",-10.00,-0.99%,-2.44%,-6.89%,8.62%,-0.32%,"2,500,000,000.00","250,000.00","146,875.33","518,436.39","311,683.51","142,608.42",0.00,63.53%,29.47%,0.00%,41.74%,32.73%,60.12%,29.09%,0.00%,37.99%,27.51%,36.04%,44.59%,39.66%,3.86%,4.78%,3.87%,57.04,70.57,57.04,57.04,158.75,17.53,17.53,14.16,17.53,6.29,-3.93%,19.59%,89.30%,934.96%,1.03,0.86,-2.21%,-3.17%,-19.62%,-28.91%,3.59%,0.02%,17950.00%,61.18%,40.22,-2.42%,0.04%,-26.78%,-3.85
Peoples Power Limited,2025/26 Q4,303.00,348.86,3.00,-0.33%,-6.91%,-13.38%,-4.42%,-4.53%,"2,875,167,000.00","948,900.00","24,545.00","89,890.00","75,808.00","-21,763.00",0.00,143.09%,130.77%,12.33%,-10.26%,-10.26%,84.33%,68.68%,15.67%,-20.99%,-24.21%,-2.23%,-1.53%,-2.38%,-2.23%,-1.53%,-2.23%,-2.29,-1.56,-2.29,-2.29,102.58,-132.11,-132.11,-193.06,-132.11,2.95,7759.86%,7759.86%,0.14%,100.00%,1.14,0.67,-2.16%,-3.09%,-17.66%,-25.73%,4.81%,-0.02%,-24050.00%,52.57%,35.39,-5.79%,-6.80%,-28.54%,-1.63
Sayapatri Hydropower Limited,2025/26 Q4,517.00,547.82,7.00,-0.96%,-3.00%,-12.67%,-4.79%,-7.37%,"1,551,000,000.00","300,000.00","-24,466.41","50,249.14","44,156.17","3,004.66",0.00,48.36%,56.54%,-8.18%,-138.88%,-224.61%,87.87%,15.83%,72.08%,33.43%,5.98%,1.07%,-11.97%,1.06%,0.64%,-7.11%,0.63%,1.00,-11.15,1.00,1.00,91.84,516.19,516.19,-46.33,516.19,5.62,91.07%,73.44%,51.18%,165.25%,0.88,0.58,-2.13%,-3.05%,-14.49%,-21.27%,4.07%,-0.13%,-3130.77%,58.08%,44.38,-10.31%,-0.90%,-18.33%,-0.16
Dhaulagiri Laghubitta Bittiya Sanstha Limited,2025/26 Q4,985.10,"1,262.26",-4.90,-4.73%,-18.45%,-23.64%,-25.04%,-32.99%,"1,311,168,100.00","133,100.00","67,313.68","295,205.85","151,279.58","20,923.48",0.00,54.27%,57.11%,0.00%,5.05%,3.49%,51.25%,50.62%,0.00%,11.14%,7.09%,10.51%,5.36%,9.59%,0.84%,0.43%,0.82%,15.72,8.01,15.72,15.72,150.57,62.66,62.66,122.86,62.66,6.54,0.20%,30.68%,91.85%,1227.03%,1.08,1.56,-2.74%,-3.92%,-47.08%,-69.54%,3.19%,-0.75%,-425.33%,90.01%,33.49,-14.30%,-8.28%,-34.11%,-13.81
Sikles Hydropower Limited,2025/26 Q4,563.90,587.74,12.80,0.88%,0.70%,-5.86%,-0.72%,-16.97%,"4,793,150,000.00","977,500.00","138,097.81","338,841.23","298,544.24","137,533.05",0.00,79.26%,9.12%,70.16%,42.65%,22.74%,88.11%,7.40%,80.86%,56.50%,40.59%,12.43%,6.52%,13.16%,6.98%,3.66%,7.00%,14.06,7.38,14.06,14.06,114.12,40.07,40.07,76.38,40.07,4.94,224.34%,224.34%,46.57%,176.05%,1.04,1.02,-2.09%,-2.99%,-16.36%,-23.95%,3.99%,-0.29%,-1375.86%,38.56%,52.47,1.42%,-4.78%,-18.62%,-0.01
Eastern Hydropower Limited,2025/26 Q4,306.30,380.76,-6.30,-3.68%,-11.96%,-20.44%,-21.46%,-45.24%,"1,899,060,000.00","620,000.00","-146,917.05","146,820.57","126,404.27","21,033.37",0.00,65.30%,8.52%,56.78%,13.57%,-31.11%,86.09%,4.57%,81.55%,48.15%,14.33%,4.40%,-7.39%,4.45%,2.02%,-3.39%,2.00%,3.39,-5.69,3.39,3.39,76.30,90.28,90.28,-53.80,90.28,4.01,247.15%,247.15%,58.70%,218.37%,1.31,0.71,-2.48%,-3.53%,-17.48%,-25.06%,4.08%,-1.11%,-367.57%,74.12%,29.22,-13.15%,-12.89%,-45.24%,-2.59
Peoples Hydropower Company Limited,2025/26 Q4,300.00,308.62,8.20,0.00%,0.33%,-3.07%,13.21%,-28.60%,"9,600,000,000.00","3,200,000.00","71,800.85","1,156,058.78","703,820.31","71,416.56",0.00,64.62%,18.86%,65.12%,65.12%,20.70%,60.88%,11.31%,58.96%,58.96%,6.18%,2.20%,8.35%,2.29%,0.63%,2.37%,0.63%,2.23,8.44,2.23,2.23,102.24,134.42,134.42,35.50,134.42,2.93,891.96%,891.96%,72.05%,349.77%,1.21,1.56,-2.39%,-3.43%,-20.31%,-29.35%,4.49%,-0.60%,-748.33%,44.68%,50.33,5.38%,-1.23%,-28.60%,-0.36
Shrijanshil Laghubitta Bittiya Sanstha Limited,2025/26 Q4,"1,250.00","1,495.41",20.00,-7.41%,-13.79%,-16.39%,-20.84%,-31.91%,"1,367,187,500.00","109,375.00","206,042.14","374,288.31","190,763.56","33,700.43",0.00,58.42%,43.12%,0.00%,22.66%,15.86%,50.97%,45.98%,0.00%,12.86%,9.00%,10.98%,22.58%,11.95%,1.09%,2.24%,1.12%,30.81,63.34,30.81,30.81,288.38,40.56,40.56,19.73,40.56,4.33,4.14%,29.70%,90.02%,1002.01%,1.08,0.95,-2.28%,-3.26%,-21.31%,-30.41%,3.24%,-0.74%,-437.84%,98.41%,27.50,-10.31%,-8.03%,-36.03%,-17.29
Barahi Hydropower Public Limited,2025/26 Q4,439.00,520.81,7.40,-4.34%,-11.67%,-17.93%,-14.92%,-41.55%,"1,097,500,000.00","250,000.00","-124,917.55","28,215.46","26,261.73",-742.20,0.00,93.32%,-33.00%,172.51%,75.34%,8.05%,93.08%,7.92%,92.41%,50.12%,-2.63%,-0.59%,1.14%,-0.58%,-0.24%,0.46%,-0.23%,-0.29,0.56,-0.29,-0.29,50.03,"-1,478.71","-1,478.71",771.08,"-1,478.71",8.77,115.59%,104.08%,78.67%,236.01%,0.90,0.44,-2.66%,-3.78%,-17.91%,-25.71%,4.22%,-1.05%,-401.90%,78.84%,34.47,-12.09%,-12.08%,-42.24%,-5.12
Unique Nepal Laghubitta Bittiya Sanstha Limited,2025/26 Q4,"1,224.90","1,438.45",31.80,-1.45%,-0.98%,-11.30%,-35.16%,-40.88%,"1,819,895,175.00","148,575.00","219,280.48","510,745.65","261,371.99","51,097.79",0.00,51.88%,25.36%,0.00%,37.29%,27.90%,51.17%,49.12%,0.00%,12.69%,10.00%,14.64%,43.04%,13.69%,1.34%,3.94%,1.35%,34.39,101.13,34.39,34.39,247.58,35.61,35.61,12.11,35.61,4.94,-1.31%,10.10%,90.50%,1052.88%,0.79,0.39,-2.20%,-3.13%,-16.83%,-24.24%,3.47%,-1.00%,-347.00%,55.27%,31.37,-4.61%,-21.62%,-45.19%,-1.88
Super Madi Hydropower Limited,2025/26 Q4,538.00,500.08,13.00,3.86%,8.25%,8.91%,-3.93%,-34.98%,"11,862,900,000.00","2,315,250.00","451,432.24","1,330,432.29","1,299,931.55","425,993.10",0.00,105.24%,11.60%,93.64%,73.01%,46.15%,97.71%,7.17%,90.53%,66.64%,32.02%,15.92%,27.18%,16.72%,4.56%,7.79%,4.56%,18.39,31.41,18.39,18.39,119.49,29.24,29.24,17.12,29.24,4.50,651.24%,208.26%,72.93%,339.31%,0.94,0.64,-2.52%,-3.62%,-19.54%,-28.34%,4.84%,-0.84%,-576.19%,16.94%,71.43,15.27%,-10.22%,-38.44%,1.84
Shuvam Power Limited,2025/26 Q4,664.00,694.49,-5.90,2.33%,0.30%,-6.08%,-19.71%,-29.15%,"1,328,000,000.00","200,000.00","2,451.04","20,486.45","16,532.23","10,578.04",0.00,75.96%,9.84%,-9.05%,-31.20%,-34.60%,80.70%,8.36%,96.76%,71.11%,51.63%,5.23%,-3.27%,5.30%,4.63%,-2.89%,4.65%,5.28,-3.31,5.28,5.28,101.22,125.54,125.54,-200.57,125.54,6.55,794.67%,304.51%,15.44%,112.10%,0.97,0.86,-2.23%,-3.20%,-14.23%,-20.59%,3.30%,-0.67%,-492.54%,18.41%,54.74,1.28%,-13.56%,-32.93%,0.83
Maya Khola Hydropower Company Limited,2025/26 Q4,250.00,310.37,17.90,0.85%,-12.89%,-20.63%,-29.97%,-39.51%,"2,500,000,000.00","1,000,000.00","-382,281.00","379,439.00","379,439.00","15,850.00",0.00,100.00%,24.82%,76.67%,36.08%,-16.25%,100.00%,14.86%,86.80%,51.82%,4.18%,2.54%,-8.58%,2.55%,0.54%,-1.84%,0.54%,1.58,-5.36,1.58,1.58,61.77,157.72,157.72,-46.63,157.72,4.04,48.98%,48.98%,85.99%,469.27%,1.26,0.85,-2.19%,-3.11%,-15.67%,-22.13%,4.12%,-0.98%,-420.41%,32.93%,36.61,-14.23%,-14.55%,-39.51%,-1.37
Asian Hydropower Limited,2025/26 Q4,363.80,474.40,0.80,-8.02%,-12.34%,-25.30%,-33.00%,-42.87%,"1,236,920,000.00","340,000.00","-107,326.74","81,461.84","60,172.49","-59,183.62",0.00,101.77%,-0.51%,102.28%,62.46%,-33.71%,73.87%,11.80%,62.07%,4.00%,-72.65%,-24.90%,-16.74%,-22.08%,-5.49%,-3.69%,-5.32%,-17.40,-11.69,-17.40,-17.40,68.43,-20.89,-20.89,-31.09,-20.89,5.31,29.40%,27.61%,103.69%,463.84%,0.93,0.83,-2.18%,-3.11%,-11.75%,-16.72%,4.80%,-1.08%,-444.44%,93.51%,22.58,-18.84%,-18.38%,-46.22%,-4.00
Kalinchowk Darshan Limited,2025/26 Q4,730.00,819.42,10.00,-0.27%,-5.68%,-11.84%,-7.59%,-27.25%,"4,380,000,000.00","630,000.00","58,012.76","125,872.38","82,290.29","57,684.46",0.00,58.76%,17.78%,58.76%,41.20%,34.16%,65.38%,15.58%,65.38%,53.85%,45.83%,8.43%,4.67%,8.81%,7.22%,4.00%,7.41%,9.15,5.07,9.15,9.15,109.20,79.72,79.72,143.82,79.72,6.68,179.69%,178.48%,10.88%,112.20%,1.04,0.26,-2.39%,-3.44%,-52.46%,-77.01%,3.98%,-0.60%,-663.33%,46.70%,36.23,-4.58%,-7.17%,-32.29%,-3.83
Super Mai Hydropower Limited,2025/26 Q3,492.10,562.26,1.80,-0.99%,-4.26%,-13.67%,-16.70%,-31.48%,"2,632,735,000.00","535,000.00","165,598.96","138,409.18","119,462.93","37,792.05",0.00,86.45%,9.82%,76.68%,49.99%,23.60%,87.93%,5.08%,88.22%,61.81%,32.88%,7.25%,6.05%,9.05%,3.82%,3.19%,4.58%,9.41,7.86,11.48,7.84,130.95,62.69,52.24,62.55,42.85,3.75,307.45%,271.56%,50.33%,188.35%,0.88,0.58,-2.03%,-2.90%,-10.19%,-14.73%,3.96%,-0.74%,-535.14%,52.52%,38.20,-8.04%,-13.08%,-36.52%,-1.74
Sanima Middle Tamor Hydropower Limited,2025/26 Q4,504.00,450.60,9.00,5.00%,11.26%,9.80%,13.51%,-0.53%,"16,795,800,000.00","3,332,497.00","960,859.72","2,025,176.09","1,772,759.89","624,291.36",0.00,89.46%,19.04%,72.86%,72.86%,52.32%,87.54%,25.99%,61.01%,61.01%,30.83%,15.20%,36.35%,15.92%,4.71%,11.27%,4.68%,18.73,44.80,18.73,18.73,128.83,26.90,26.90,11.24,26.90,3.91,125.66%,108.96%,76.59%,305.50%,0.95,1.04,-1.58%,-2.27%,-13.31%,-19.39%,2.89%,0.00%,0.00%,4.57%,74.73,16.51%,0.39%,-0.59%,3.01
Sagarmatha Jalabidhyut Company Limited,2025/26 Q4,406.00,460.80,6.00,-3.31%,-7.73%,-12.69%,-17.48%,-26.06%,"4,763,192,000.00","1,173,200.00","112,501.23","223,447.14","177,073.92","44,387.81",0.00,50.73%,3.29%,116.63%,82.71%,34.98%,79.25%,4.17%,90.84%,63.78%,19.86%,3.48%,5.50%,3.50%,2.05%,3.24%,2.03%,3.78,5.98,3.78,3.78,109.58,107.30,107.30,67.81,107.30,3.70,235.08%,55.77%,60.32%,167.74%,1.12,1.45,-1.96%,-2.81%,-14.96%,-21.78%,2.95%,-0.58%,-508.62%,82.79%,38.86,-6.64%,-7.11%,-27.89%,-4.24
Molung Hydropower Company Limited,2025/26 Q4,284.00,341.25,7.00,0.71%,-9.00%,-18.86%,-26.99%,-33.94%,"2,279,100,000.00","802,500.00","-102,088.09","176,528.30","160,659.95","57,710.06",0.00,80.17%,20.58%,59.72%,15.28%,-17.57%,91.01%,12.90%,81.62%,54.56%,32.69%,8.21%,-2.79%,8.38%,5.30%,-1.80%,5.14%,7.19,-2.44,7.19,7.19,87.27,39.49,39.49,-116.16,39.49,3.25,116.20%,116.20%,41.39%,150.74%,1.22,1.08,-2.37%,-3.41%,-22.15%,-32.00%,3.71%,-0.80%,-463.75%,34.20%,33.35,-11.89%,-13.08%,-34.71%,-2.21
Aatmanirbhar Laghubitta Bittiya Sanstha Limited,2025/26 Q4,"5,350.00","6,028.22",540.00,6.97%,-3.50%,-8.93%,0.55%,5.40%,"4,191,366,550.00","89,507.20","234,850.93","232,898.68","153,659.59","62,399.54",0.00,65.19%,67.76%,0.00%,6.13%,20.72%,65.98%,52.96%,0.00%,22.23%,26.79%,17.72%,15.83%,18.81%,2.92%,2.61%,3.16%,69.71,62.25,69.71,69.71,362.38,76.74,76.74,85.94,76.74,14.76,12.12%,10.76%,85.14%,672.84%,0.31,0.98,-2.57%,-3.73%,-37.10%,-56.57%,4.94%,0.09%,5488.89%,8.91%,49.66,-2.05%,1.41%,-25.69%,43.24
Makar Jitumaya Suri Hydropower Limited,2025/26 Q4,404.10,481.98,6.10,-5.14%,-7.74%,-18.21%,-25.85%,-31.08%,"3,071,160,000.00","760,000.00","111,100.84","392,099.56","365,370.96","78,243.92",0.00,75.84%,-1.04%,78.25%,40.57%,-13.02%,93.18%,9.11%,84.30%,58.63%,19.96%,8.94%,-4.05%,9.23%,2.91%,-1.32%,2.87%,10.29,-4.67,10.29,10.29,114.61,39.25,39.25,-86.52,39.25,3.52,1863.00%,1863.00%,67.56%,305.88%,1.17,1.24,-2.15%,-3.09%,-16.48%,-24.09%,3.65%,-0.71%,-514.08%,89.47%,40.63,-10.74%,-13.08%,-35.03%,0.10
Mai Khola Hydropower Limited,2025/26 Q4,486.90,580.35,6.90,-0.43%,-1.64%,-4.53%,-36.89%,-36.39%,"1,909,411,459.20","392,156.80","56,224.78","37,631.90","-77,307.32","54,236.53",0.00,-774.94%,9.32%,399.48%,364.96%,335.74%,-205.43%,10.25%,264.14%,213.07%,144.12%,12.67%,39.91%,13.28%,7.96%,25.06%,7.90%,13.83,43.55,13.83,13.83,114.33,35.20,35.20,11.17,35.20,4.25,100.33%,55.39%,79.84%,151.34%,0.87,1.11,-2.24%,-3.21%,-14.73%,-21.62%,5.15%,-0.89%,-578.65%,46.44%,44.78,2.43%,-25.89%,-44.03%,-1.80
Bhugol Energy Development Company Limited,2025/26 Q4,285.00,378.39,3.50,-1.21%,-11.63%,-21.27%,-47.12%,-57.71%,"1,550,552,190.00","544,053.40","-292,261.53","62,444.81","57,689.31","-9,227.58",0.00,111.56%,24.42%,87.14%,37.67%,-67.02%,92.38%,8.08%,84.30%,43.08%,-14.78%,-3.60%,-13.62%,-3.52%,-1.20%,-4.52%,-1.19%,-1.69,-6.41,-1.69,-1.69,46.28,-168.03,-168.03,-44.45,-168.03,6.15,495.00%,495.00%,73.34%,305.73%,1.15,0.99,-2.67%,-3.81%,-18.16%,-26.09%,6.44%,-1.64%,-392.68%,47.40%,27.98,-13.17%,-28.38%,-60.20%,-3.21
Dolti Power Company Limited,2025/26 Q4,284.00,375.93,8.00,-1.39%,-11.80%,-18.62%,-44.09%,-47.69%,"1,523,620,240.00","549,986.00","-220,685.81","102,334.15","96,163.69","4,768.63",0.00,117.07%,26.33%,90.73%,59.77%,5.89%,93.97%,9.13%,84.84%,51.81%,4.66%,1.48%,1.78%,1.49%,0.52%,0.62%,0.51%,0.86,1.04,0.86,0.86,59.87,327.54,327.54,272.81,327.54,4.74,111.48%,111.48%,77.95%,282.53%,1.17,1.19,-2.64%,-3.75%,-18.81%,-26.98%,4.52%,-1.25%,-361.60%,51.32%,26.07,-10.97%,-25.71%,-50.87%,-3.05
City Hotel Limited,2025/26 Q4,344.70,414.81,4.30,0.23%,-9.03%,-17.34%,-27.45%,-42.31%,"5,770,278,000.00","3,013,200.00","-116,631.61","531,381.19","120,738.59","-173,090.73",0.00,24.57%,19.38%,24.57%,1.52%,-26.03%,22.72%,19.39%,22.72%,-3.45%,-38.43%,-5.94%,-4.71%,-6.96%,-3.08%,-2.44%,-3.05%,-5.74,-4.55,-5.74,-5.74,96.12,-60.00,-60.00,-75.60,-60.00,3.58,225.72%,221.42%,48.38%,193.73%,1.05,1.34,-2.15%,-3.08%,-31.80%,-46.28%,4.69%,-1.08%,-434.26%,39.00%,37.11,-6.37%,-17.40%,-46.89%,-2.26
Menchhiyam Hydropower Limited,2025/26 Q4,254.20,325.76,6.60,-2.61%,-11.34%,-20.04%,-41.09%,-49.77%,"1,379,246,748.60","542,583.30","-681,468.08","133,051.09","130,163.56","-5,592.56",0.00,98.34%,32.96%,65.38%,22.71%,-31.95%,97.83%,13.94%,83.89%,46.07%,-4.20%,4.17%,27.91%,6.58%,-0.54%,-3.61%,-0.54%,-1.03,-6.90,-1.03,-1.03,-25.59,-246.62,-246.62,-36.82,-246.62,-9.93,38.07%,38.07%,142.45%,-743.29%,1.06,0.71,-2.16%,-3.07%,-14.43%,-20.65%,4.32%,-1.30%,-332.31%,62.18%,36.39,-11.49%,-25.10%,-52.84%,-3.27
Ingwa Hydropower Limited,2025/26 Q4,299.50,406.90,5.50,-0.17%,-14.18%,-25.12%,-47.01%,-45.51%,"1,797,000,000.00","600,000.00","-56,816.50","255,419.07","185,825.43","-31,418.72",0.00,17.40%,8.87%,8.53%,-46.18%,-116.12%,72.75%,8.40%,64.37%,31.62%,-12.30%,-5.56%,-30.66%,-5.47%,-1.45%,-7.97%,-1.47%,-5.23,-28.85,-5.23,-5.23,90.53,-57.19,-57.19,-10.37,-57.19,3.30,73.79%,49.17%,84.77%,394.40%,1.04,1.06,-2.19%,-3.12%,-15.52%,-22.21%,4.07%,-1.20%,-339.17%,40.01%,24.16,-17.61%,-25.36%,-51.92%,-3.16
Himalayan Life Insurance Limited,2025/26 Q4,293.00,340.72,-2.00,-3.93%,-8.95%,-14.05%,-20.62%,-26.76%,"26,789,685,289.00","9,143,237.30","1,046,444.85","24,245,828.75","2,320,295.16","317,771.31",0.00,10.91%,8.05%,2.95%,2.27%,0.82%,9.57%,6.81%,3.81%,3.50%,1.31%,3.13%,2.22%,3.17%,0.31%,0.22%,0.33%,3.47,2.46,3.47,3.47,93.30,84.30,84.30,118.90,84.30,2.62,0.00%,0.00%,91.71%,1206.59%,1.25,1.09,-1.53%,-2.18%,-10.98%,-15.30%,2.46%,-0.60%,-410.00%,91.72%,26.74,-6.42%,-9.36%,-28.36%,-2.40
Modi Energy Limited,2025/26 Q4,197.60,241.49,0.60,-1.94%,-8.09%,-17.84%,-26.13%,-32.84%,"5,730,400,000.00","2,900,000.00","-1,212,584.00","469,204.00","409,008.00","-80,299.00",0.00,86.84%,0.58%,86.26%,30.63%,-10.35%,87.17%,0.57%,86.60%,29.14%,-17.11%,-4.74%,-2.98%,-4.67%,-1.64%,-1.03%,-1.61%,-2.76,-1.74,-2.76,-2.76,58.18,-71.36,-71.36,-113.41,-71.36,3.39,35.60%,35.60%,76.01%,281.62%,1.21,1.12,-1.84%,-2.62%,-13.04%,-18.53%,3.49%,-0.76%,-459.21%,63.34%,28.44,-9.78%,-16.75%,-37.07%,-0.94
Rawa Energy Development Limited,2025/26 Q4,400.00,543.45,9.90,-1.23%,-6.50%,-27.14%,-43.58%,-48.32%,"1,120,000,000.00","280,000.00","-38,293.21","104,782.96","89,983.61","31,262.95",0.00,80.71%,9.64%,71.07%,45.37%,18.63%,85.88%,7.57%,78.30%,55.24%,29.84%,13.05%,7.43%,13.63%,4.90%,2.79%,4.94%,11.16,6.35,11.16,11.16,86.32,35.82,35.82,62.90,35.82,4.63,309.22%,297.97%,64.16%,264.72%,0.78,0.64,-2.01%,-2.86%,-11.33%,-16.29%,3.32%,-1.25%,-265.60%,49.88%,31.45,-20.94%,-30.56%,-52.10%,-2.44
Samaj Laghubittya Bittiya Sanstha Limited,2024/25 Q4,"1,875.80","2,477.01",-166.80,0.00%,0.00%,0.00%,0.00%,-32.88%,"428,620,300.00","22,850.00","36,295.89","57,637.03","24,392.43","14,190.94",0.00,43.88%,75.61%,0.00%,-22.04%,68.08%,42.32%,76.82%,0.00%,-24.32%,24.62%,24.45%,70.77%,26.69%,2.71%,7.83%,2.90%,62.10,179.76,62.10,62.10,258.84,30.20,30.20,10.43,30.20,7.24,22.75%,30.05%,89.08%,915.83%,-1.10,0.79,-58.15%,-82.99%,-64.09%,-98.50%,0.00%,0.00%,0.00%,0.00%,16.88,7.89%,-5.01%,-32.91%,-93.08
United Ajod Insurance Limited,2025/26 Q4,366.50,452.29,1.50,-7.73%,-17.62%,-21.56%,-8.95%,-20.39%,"8,466,150,000.00","2,310,000.00","143,910.17","1,805,210.20","743,980.45","63,099.83",0.00,68.71%,32.85%,35.85%,35.46%,24.50%,41.21%,32.09%,9.12%,5.40%,3.50%,2.62%,22.06%,2.68%,0.75%,6.30%,0.81%,2.73,23.01,2.73,2.38,188.01,153.91,134.17,15.92,134.17,1.38,0.00%,0.00%,52.03%,208.47%,1.27,1.26,-1.86%,-2.64%,-14.81%,-20.77%,3.62%,-0.47%,-770.21%,98.17%,17.06,-15.44%,1.42%,-25.01%,-6.32
Nepal Republic Media Limited,2025/26 Q4,283.80,361.69,8.80,-2.97%,-9.18%,-20.06%,-31.58%,-40.86%,"2,745,765,000.00","967,500.00","-139,009.93","113,642.95","65,914.09","-30,720.66",-,74.25%,54.25%,20.92%,9.66%,-3.69%,58.00%,54.36%,4.49%,-9.17%,-27.03%,-3.70%,-0.65%,-3.66%,-2.59%,-0.45%,-2.56%,-3.17,-0.55,-3.17,-3.17,85.63,-89.37,-89.37,-510.61,-89.37,3.31,216.49%,197.30%,29.82%,142.48%,1.34,1.50,-2.23%,-3.17%,-18.78%,-26.91%,3.36%,-0.95%,-353.68%,73.11%,29.64,-13.61%,-19.82%,-40.86%,-1.62
IME Life Insurance Company Limited,2025/26 Q4,398.70,432.05,-1.40,-1.60%,-4.11%,-7.99%,-9.39%,-8.91%,"19,935,000,000.00","5,000,000.00","713,355.30","8,994,827.91","1,659,523.10","584,244.35",0.00,20.81%,11.70%,9.10%,7.95%,7.54%,18.45%,11.46%,7.57%,6.72%,6.50%,10.40%,15.40%,10.36%,2.27%,3.36%,2.47%,11.68,17.30,11.68,11.68,135.66,34.12,34.12,23.03,34.12,3.48,0.00%,0.00%,74.69%,395.04%,1.00,0.92,-1.17%,-1.67%,-9.19%,-12.99%,2.29%,-0.18%,-1272.22%,73.53%,29.70,-1.81%,-5.03%,-16.94%,-1.53
Ghorahi Cement Industry Limited,2025/26 Q4,386.00,395.99,10.00,12.87%,9.50%,-6.31%,-6.33%,-13.34%,"17,631,266,802.00","5,024,454.27","3,302,354.29","4,773,598.90","1,183,446.93","-308,072.29",0.00,19.20%,6.27%,12.93%,-1.60%,-12.50%,24.79%,4.47%,27.45%,13.34%,-6.45%,-3.67%,-7.11%,-3.64%,-1.42%,-2.76%,-1.40%,-6.13,-11.89,-6.13,-6.13,165.72,-62.95,-62.95,-32.45,-62.95,2.32,65.75%,34.81%,61.09%,256.97%,1.19,1.08,-1.72%,-2.44%,-12.99%,-18.37%,3.82%,-0.26%,-1469.23%,0.06%,64.20,0.23%,-12.59%,-18.91%,4.75
Three Star Hydropower Limited,2025/26 Q4,333.70,536.15,-1.30,-0.39%,-12.18%,-40.41%,-53.83%,-59.07%,"1,643,472,500.00","492,500.00","-189,746.62","135,868.57","119,131.66","-31,523.66",0.00,170.53%,8.05%,60.84%,21.53%,6.31%,87.68%,6.67%,52.71%,16.60%,-23.20%,-10.45%,3.17%,-9.76%,-2.68%,0.81%,-2.61%,-6.40,1.93,-6.40,-6.40,61.47,-52.13,-52.13,172.09,-52.13,5.42,25.74%,25.74%,95.14%,385.88%,0.90,1.83,-3.00%,-4.26%,-22.10%,-31.99%,7.44%,-1.74%,-427.59%,42.80%,33.62,-32.52%,-37.90%,-62.92%,-3.37
Upper Syange Hydropower Limited,2025/26 Q4,514.00,608.87,4.80,-2.10%,-4.64%,-14.76%,-39.38%,-31.76%,"1,130,800,000.00","220,000.00",217.85,"65,534.33","62,356.85","1,906.44",0.00,91.19%,49.04%,42.16%,-0.63%,-65.27%,95.15%,24.98%,70.18%,43.77%,2.91%,0.89%,-12.40%,0.91%,0.35%,-4.92%,0.35%,0.86,-12.14,0.86,0.86,100.09,593.14,593.14,-42.32,593.14,5.13,271.10%,70.86%,71.11%,247.96%,0.82,0.60,-2.23%,-3.20%,-13.38%,-19.78%,4.48%,-0.75%,-597.33%,62.01%,37.74,-7.85%,-21.15%,-45.32%,-4.80
Kutheli Bukhari Small Hydropower Limited,2025/26 Q4,791.00,"1,392.01",-30.00,-11.82%,-16.65%,-50.12%,-53.20%,-54.01%,"1,060,369,513.00","147,459.67","44,547.37","33,104.64","30,850.79","10,999.52",0.00,95.54%,42.28%,53.31%,9.99%,0.20%,93.19%,21.58%,73.14%,42.42%,33.23%,5.73%,0.03%,5.84%,5.26%,0.02%,5.22%,7.45,0.03,7.45,7.45,130.20,106.04,106.04,"23,220.38",106.04,6.07,816.53%,816.53%,8.11%,107.97%,1.01,1.45,-2.74%,-3.91%,-18.11%,-26.37%,5.16%,-1.50%,-344.00%,98.41%,20.79,-40.85%,-27.07%,-54.67%,5.31
Reliable Nepal Life Insurance Limited,2025/26 Q4,407.90,457.22,-15.10,-1.26%,-6.81%,-12.84%,-12.13%,-10.37%,"21,197,747,200.00","5,196,800.00","813,439.02","7,868,951.57","1,624,143.52","582,602.87",0.00,22.93%,-3.24%,4.98%,4.31%,4.76%,20.64%,6.16%,8.04%,7.49%,7.40%,9.80%,7.55%,9.71%,2.28%,1.75%,2.44%,11.21,8.63,11.21,11.21,148.48,36.38,36.38,47.23,36.38,3.52,0.00%,0.00%,71.16%,346.72%,1.16,1.09,-1.36%,-1.94%,-10.86%,-15.66%,2.76%,-0.20%,-1380.00%,65.09%,29.15,-6.15%,-5.07%,-21.59%,-1.00
Sun Nepal Life Insurance Company Limited,2025/26 Q4,388.00,444.04,3.00,2.16%,-7.40%,-13.78%,-17.09%,-9.93%,"19,521,180,160.00","5,282,793.60","368,423.97","6,079,830.16","1,375,901.00","418,599.54",0.00,19.98%,13.65%,5.68%,4.75%,4.11%,22.63%,11.81%,6.88%,6.19%,6.89%,7.45%,5.59%,7.19%,2.07%,1.55%,2.17%,7.92,5.94,7.92,7.92,142.87,48.96,48.96,65.21,48.96,3.62,0.00%,0.00%,63.90%,277.00%,1.10,1.13,-1.34%,-1.92%,-10.39%,-15.17%,2.66%,-0.18%,-1477.78%,19.16%,29.04,-6.65%,-6.79%,-22.71%,-0.99
Upper Lohore Khola Hydropower Company Limited,2025/26 Q4,291.00,447.18,9.00,-4.90%,-17.82%,-32.01%,-36.60%,-39.39%,"1,483,529,640.00","509,804.00","-58,594.00","69,820.75","53,212.39","-29,018.58",0.00,79.72%,18.96%,60.76%,-29.38%,-183.00%,76.21%,6.28%,69.93%,10.21%,-41.56%,-6.25%,-21.46%,0.00%,-2.82%,-9.68%,0.00%,-5.69,-19.52,-5.69,-5.69,88.50,-51.12,-51.12,-14.90,-51.12,3.28,676.71%,24.58%,72.82%,224.81%,1.01,0.61,-2.46%,-3.51%,-12.56%,-18.17%,6.31%,-0.96%,-657.29%,74.05%,33.51,-29.33%,-19.85%,-50.47%,-5.90
Manakamana Engineering Hydropower Limited,2025/26 Q4,230.00,362.82,0.00,0.13%,-23.31%,-37.36%,-46.14%,-46.36%,"1,840,000,000.00","800,000.00","-282,673.25","145,562.10","120,429.64","13,876.18",0.00,78.86%,2.70%,76.82%,44.98%,16.20%,82.73%,6.17%,78.05%,43.09%,9.53%,2.70%,5.05%,2.70%,1.12%,2.09%,1.11%,1.73,3.23,1.73,1.73,64.66,132.60,132.60,71.06,132.60,3.55,154.84%,154.84%,61.17%,239.25%,1.13,0.99,-2.16%,-3.08%,-15.89%,-22.78%,4.72%,-1.20%,-393.33%,38.91%,23.74,-31.20%,-24.71%,-55.68%,-2.89
Citizen Life Insurance Company Limited,2025/26 Q4,412.20,454.89,-2.80,-1.62%,-7.54%,-9.41%,-11.73%,-8.79%,"20,610,000,000.00","5,000,000.00","498,340.48","11,185,011.27","1,350,882.94","390,804.41",0.00,7.35%,-9.05%,1.12%,0.85%,0.85%,12.08%,3.31%,3.83%,3.49%,3.49%,7.13%,2.24%,6.85%,1.18%,0.37%,1.27%,7.81,2.46,7.81,7.81,131.60,52.73,52.73,167.50,52.73,3.74,0.00%,0.00%,80.88%,522.97%,1.07,1.08,-1.32%,-1.89%,-10.42%,-15.16%,2.43%,-0.17%,-1429.41%,72.74%,31.94,-3.56%,-4.17%,-17.89%,-2.11
Hathway Investment Nepal Limited,2025/26 Q4,609.00,781.77,6.00,-1.93%,-12.50%,-21.32%,-31.34%,-44.21%,"17,243,226,000.00","1,585,584.00","585,557.08","142,026.30","126,224.04","18,918.93",0.00,36.75%,0.00%,36.75%,36.75%,-14.77%,39.15%,0.00%,39.15%,39.15%,13.32%,0.88%,-0.69%,0.88%,0.70%,-0.54%,0.70%,0.59,-0.46,0.59,0.59,68.46,"1,020.79","1,020.79","-1,307.90","1,020.79",8.89,241.78%,241.78%,19.21%,123.77%,1.41,2.24,-2.25%,-3.22%,-26.05%,-38.66%,3.31%,-1.11%,-298.20%,60.02%,37.41,-14.73%,-17.68%,-44.21%,-0.98
Mandu Hydropower Limited,2025/26 Q4,666.00,813.24,8.10,-9.07%,-8.21%,-8.56%,-6.24%,-12.32%,"9,081,822,420.00","1,363,637.00","686,873.25","794,934.70","733,506.23","318,551.20",0.00,86.92%,5.42%,81.51%,58.40%,32.05%,92.27%,5.40%,86.87%,65.72%,40.07%,14.49%,12.79%,15.42%,6.18%,5.45%,6.43%,23.36,20.61,23.36,23.36,162.88,28.50,28.50,32.30,28.50,4.08,617.70%,196.99%,58.67%,231.49%,0.73,0.90,-1.85%,-2.66%,-12.77%,-19.01%,2.63%,-0.29%,-906.90%,99.98%,39.47,-10.89%,-0.76%,-14.34%,-9.17
Bhagawati Hydropower Development Company Limited,2025/26 Q4,485.00,645.32,17.00,-1.00%,-15.36%,-26.50%,-36.60%,-38.29%,"2,885,494,405.00","678,239.90","90,238.30","154,099.59","129,160.11","61,090.05",0.00,71.89%,9.65%,62.27%,30.77%,17.36%,83.82%,12.74%,71.08%,51.90%,39.64%,7.97%,2.25%,8.15%,6.38%,1.81%,6.55%,9.00,2.54,9.00,9.00,113.30,53.84,53.84,190.37,53.84,4.28,1536.73%,336.16%,22.69%,124.59%,0.64,0.58,-1.97%,-2.81%,-16.67%,-24.48%,4.16%,-0.95%,-437.89%,50.58%,37.22,-18.18%,-20.07%,-43.34%,-4.03
Mid Solu Hydropower Limited,2025/26 Q4,522.00,679.54,17.00,-5.09%,-14.43%,-24.33%,-37.86%,-33.97%,"3,906,648,000.00","860,660.00","157,198.21","283,659.86","253,940.26","125,192.69",0.00,90.22%,13.11%,69.59%,48.14%,26.74%,89.52%,6.55%,94.25%,70.35%,44.13%,12.40%,8.86%,12.95%,5.74%,4.10%,5.78%,14.54,10.39,14.54,14.54,118.26,35.88,35.88,50.19,35.88,4.41,503.83%,500.08%,55.71%,214.59%,0.91,1.22,-2.34%,-3.36%,-15.06%,-22.42%,2.74%,-0.80%,-342.50%,94.70%,24.30,-16.46%,-17.38%,-40.27%,-6.80
Sonapur Minerals And Oil Limited,2025/26 Q4,410.00,432.99,3.00,5.56%,1.23%,-6.44%,-2.71%,-8.60%,"12,607,705,000.00","3,075,050.00","3,100,100.91","4,419,490.80","1,280,339.82","337,147.95",0.00,29.00%,8.45%,20.55%,17.46%,8.07%,28.97%,5.01%,14.86%,11.05%,7.63%,5.51%,7.26%,5.64%,2.26%,2.98%,2.32%,10.96,14.44,10.96,10.96,200.81,37.39,37.39,28.39,37.39,2.04,146.17%,59.21%,59.78%,248.62%,1.35,1.23,-2.02%,-2.86%,-14.80%,-21.62%,2.78%,-0.17%,-1635.29%,2.24%,53.73,-0.60%,-4.85%,-18.39%,1.92
Mathillo Mailun Khola Jalvidhyut Limited,2025/26 Q4,381.40,495.83,35.40,1.71%,-17.80%,-25.80%,-37.96%,-33.63%,"3,814,000,000.00","1,000,000.00","5,715.24","431,136.02","381,881.00","111,282.99",0.00,88.59%,32.68%,55.92%,55.92%,25.73%,88.58%,31.35%,57.23%,57.23%,25.81%,11.21%,10.75%,11.55%,3.73%,3.58%,3.73%,11.12,10.66,11.12,11.12,100.57,34.27,34.27,35.75,34.27,3.79,231.22%,171.21%,72.06%,291.16%,0.74,1.03,-2.16%,-3.10%,-13.85%,-20.37%,4.90%,-0.76%,-644.74%,30.85%,38.74,-18.48%,-15.88%,-43.50%,-10.06
Trishuli Jal Vidhyut Company Limited,2025/26 Q4,335.00,517.36,5.00,-14.10%,-29.19%,-32.32%,-14.43%,-27.77%,"6,205,875,000.00","1,789,162.77","-427,285.60",0.00,0.00,"-131,655.36",0.00,0.00%,0.00%,0.00%,0.00%,0.00%,0.00%,0.00%,0.00%,0.00%,0.00%,-9.54%,-10.90%,-9.21%,-2.08%,-2.38%,-2.26%,-7.35,-8.41,-7.35,-7.35,76.11,-45.52,-45.52,-39.82,-45.52,4.40,467.87%,58.92%,105.95%,484.72%,1.11,0.52,-2.40%,-3.40%,-19.02%,-27.47%,7.09%,-0.61%,-1162.30%,98.02%,15.47,-25.51%,-6.56%,-50.44%,-15.03
Muktinath Krishi Company Limited,2025/26 Q3,860.00,"1,208.37",20.00,-2.92%,-20.00%,-30.65%,-36.76%,-42.45%,"6,020,000,000.00","756,000.00","28,342.98","467,904.98","86,951.24","-19,762.75",-,17.05%,28.98%,-11.91%,-15.23%,-21.18%,21.32%,16.81%,17.91%,14.87%,8.30%,-3.28%,-18.67%,7.52%,-1.95%,-11.12%,4.54%,-3.48,-19.83,7.71,-3.48,103.74,-246.73,-246.73,-43.35,111.47,8.28,159.88%,137.66%,0.00%,178.89%,1.28,1.25,-2.40%,-3.46%,-46.33%,-68.16%,3.85%,-1.06%,-363.21%,69.01%,25.28,-24.24%,-17.55%,-46.81%,-13.15
Vision Lumbini Urja Company Limited,2025/26 Q4,375.00,481.27,-15.00,0.27%,-10.07%,-24.24%,-33.57%,-34.71%,"7,171,875,000.00","1,912,500.00","721,269.75","582,327.53","528,206.58","90,455.71",0.00,88.98%,5.23%,186.67%,156.57%,98.97%,90.71%,10.43%,114.51%,75.85%,15.53%,3.56%,30.10%,3.60%,1.38%,11.64%,1.34%,4.72,39.95,4.72,4.72,137.71,79.28,79.28,9.38,79.28,2.72,1105.26%,1105.26%,60.96%,252.23%,1.05,1.10,-1.78%,-2.53%,-12.64%,-17.72%,4.02%,-0.78%,-515.38%,39.70%,33.03,-15.58%,-17.48%,-40.10%,-1.52
Chirkhwa Hydropower Limited,2025/26 Q4,566.50,647.47,15.50,-1.90%,-4.45%,-12.98%,-14.81%,-15.45%,"2,266,000,000.00","400,000.00",778.98,"131,416.52","112,794.70","53,005.44",0.00,85.32%,2.72%,82.60%,170.54%,132.57%,85.83%,5.16%,80.67%,75.61%,40.33%,13.92%,42.13%,14.14%,4.95%,14.99%,4.97%,13.25,40.10,13.25,13.25,100.19,42.75,42.75,14.12,42.75,5.65,82.67%,82.62%,72.09%,271.84%,0.81,0.55,-1.92%,-2.77%,-11.70%,-17.10%,3.80%,-0.31%,-1225.81%,66.41%,41.35,-6.93%,-8.89%,-26.81%,-4.06
Nepal Warehousing Company Limited,2025/26 Q4,606.00,769.73,16.00,-1.46%,-12.17%,-23.58%,-25.19%,-30.11%,"4,166,250,000.00","687,500.00","20,032.34","317,286.84","36,433.23","-44,935.62",-,1.89%,3.79%,-0.95%,-4.60%,-4.17%,11.48%,7.71%,4.53%,-5.35%,-14.16%,-6.47%,-5.32%,-6.80%,-2.58%,-2.13%,-2.60%,-6.53,-5.37,-6.53,-6.53,102.91,-92.71,-92.71,-112.72,-92.71,5.88,290.46%,290.46%,0.00%,248.29%,1.31,1.07,-2.39%,-3.42%,-40.27%,-58.86%,3.91%,-0.67%,-583.58%,58.11%,28.30,-15.40%,-12.67%,-40.59%,-6.08
Himalayan Reinsurance Limited,2025/26 Q4,519.00,663.11,28.80,-5.46%,-11.73%,-19.41%,-38.12%,-48.08%,"56,404,920,000.00","10,868,000.00","-3,280,678.09","7,005,796.44","959,566.75","-2,336,252.74",0.00,35.08%,177.85%,-142.77%,-143.28%,-100.63%,13.70%,62.16%,-48.47%,-49.12%,-33.35%,-16.18%,-63.48%,-14.69%,-9.01%,-35.36%,-9.30%,-21.49,-84.35,-21.49,-21.49,115.58,-24.14,-24.14,-6.15,-24.14,4.49,0.00%,0.00%,51.84%,207.66%,1.21,1.75,-1.98%,-2.83%,-18.43%,-26.38%,4.40%,-1.27%,-346.46%,83.86%,23.65,-13.60%,-20.79%,-48.08%,-6.58
Sarbottam Cement Limited,2025/26 Q4,794.00,834.13,-12.50,1.93%,0.76%,-7.13%,-9.29%,-5.69%,"39,505,470,000.00","5,224,275.00","5,214,618.47","10,435,478.17","2,500,341.23","1,107,429.38",0.00,17.07%,7.54%,9.54%,9.54%,6.22%,23.96%,8.76%,8.61%,8.61%,10.61%,10.71%,7.80%,10.87%,6.68%,4.87%,6.99%,21.19,15.43,21.19,21.19,199.81,37.45,37.45,51.43,37.45,3.97,111.32%,67.37%,37.12%,159.02%,0.92,0.63,-1.81%,-2.57%,-7.69%,-11.02%,2.10%,-0.11%,-1909.09%,16.80%,51.07,-0.34%,-6.20%,-14.07%,1.88
Nerude Mirmire Laghubitta Bittiya Sanstha Limited,2025/26 Q4,481.50,577.76,6.50,-1.73%,-6.01%,-18.25%,-24.74%,-26.49%,"6,730,235,104.50","1,397,764.27","1,210,364.75","2,485,092.19","1,294,362.50","235,901.42",0.00,56.37%,26.71%,0.00%,38.96%,27.34%,52.09%,47.78%,0.00%,13.00%,9.49%,9.21%,29.98%,8.46%,1.12%,3.66%,1.11%,16.87,54.96,16.87,16.87,186.59,28.52,28.52,8.76,28.52,2.58,-3.39%,11.14%,87.56%,803.62%,1.21,1.09,-1.89%,-2.68%,-13.31%,-18.26%,2.59%,-0.60%,-431.67%,67.15%,27.76,-11.31%,-12.85%,-30.11%,-1.13
Matribhumi Lagubitta Bittiya Sanstha Limited,2025/26 Q4,715.00,885.80,9.40,-5.17%,-12.54%,-19.66%,-29.07%,-29.95%,"4,492,755,410.00","628,357.33","285,419.21","1,517,898.41","754,473.52","283,569.49",0.00,64.37%,22.82%,0.00%,57.62%,40.34%,49.71%,34.35%,0.00%,26.69%,18.68%,32.50%,97.34%,29.46%,2.27%,6.80%,2.28%,45.12,135.17,45.12,45.12,145.42,15.84,15.84,5.28,15.84,4.91,-3.00%,18.92%,92.51%,1335.08%,0.99,1.40,-2.17%,-3.08%,-16.49%,-23.21%,2.83%,-0.66%,-428.79%,94.98%,22.05,-12.85%,-10.78%,-30.58%,-7.44
Sampada Laghubitta Bittiya Sanstha Limited,2025/26 Q4,720.00,820.43,-0.10,-1.77%,-4.64%,-13.57%,-18.55%,-23.43%,"5,046,180,480.00","700,858.34","518,056.14","1,422,209.52","847,098.48","227,902.84",0.00,66.81%,46.57%,0.00%,33.00%,23.10%,59.56%,46.43%,0.00%,22.89%,16.02%,19.47%,32.62%,19.62%,2.09%,3.50%,2.10%,32.51,54.46,32.51,32.51,173.91,22.14,22.14,13.21,22.14,4.13,3.43%,6.00%,88.75%,888.53%,0.96,0.73,-1.92%,-2.72%,-13.34%,-18.65%,3.78%,-0.51%,-741.18%,63.26%,33.49,-5.68%,-9.99%,-31.30%,-1.19
Guardian Micro Life Insurance Limited,2025/26 Q4,949.80,"1,317.44",28.70,-2.78%,-14.97%,-27.62%,-44.78%,-52.63%,"7,123,500,000.00","750,000.00","30,187.50","560,382.29","114,262.82","16,068.55",0.00,28.47%,20.69%,2.38%,1.16%,0.98%,20.39%,18.43%,4.52%,3.28%,2.87%,2.06%,0.76%,2.06%,1.24%,0.46%,1.33%,2.14,0.79,2.14,2.14,107.28,443.31,443.31,"1,199.52",443.31,9.13,0.00%,0.00%,39.11%,164.24%,0.83,-0.27,-2.77%,-3.98%,-69.23%,-101.20%,3.35%,-1.45%,-231.03%,65.87%,19.87,-20.65%,-25.34%,-53.67%,-7.37
Nepal Micro Insurance Company Limited,2025/26 Q4,785.00,"1,044.41",13.00,-6.77%,-15.49%,-25.94%,-34.96%,-41.44%,"5,887,500,000.00","750,000.00","20,659.90","199,253.26","138,934.08","42,610.31",0.00,78.20%,42.26%,24.63%,24.55%,17.10%,69.73%,64.91%,34.13%,30.85%,21.39%,5.61%,9.01%,5.59%,3.44%,5.51%,3.74%,5.68,9.11,5.68,5.68,106.35,138.17,138.17,86.08,138.17,5.70,0.00%,0.00%,32.86%,148.95%,1.48,0.05,-3.16%,-4.54%,-63.33%,-91.92%,5.03%,-0.99%,-508.08%,88.43%,20.27,-18.60%,-20.04%,-46.23%,-11.13
Crest Micro Life Insurance Limited,2025/26 Q4,"1,050.00","1,230.74",12.00,-6.00%,-12.13%,-17.96%,-12.28%,-10.86%,"7,875,000,000.00","750,000.00","-27,185.04","487,568.58","154,635.20","2,526.41",0.00,11.24%,38.04%,-32.53%,-34.45%,-7.77%,31.72%,31.93%,-4.32%,-6.14%,0.52%,0.33%,-5.05%,0.33%,0.21%,-3.14%,0.22%,0.33,-5.10,0.33,0.33,105.08,"3,117.06","3,117.06",-205.58,"3,117.06",10.89,0.00%,0.00%,35.64%,155.39%,1.18,-0.42,-3.24%,-4.67%,-63.38%,-93.12%,5.70%,-0.21%,-2714.29%,85.29%,37.38,-8.42%,-6.38%,-33.07%,-13.13
Om Megashree Pharmaceuticals Limited,2025/26 Q4,885.00,"1,099.67",25.00,2.91%,-4.31%,-22.91%,-30.64%,-31.18%,"5,310,000,000.00","600,000.00","-11,761.14","211,601.21","129,459.48","-37,757.01",0.00,59.06%,20.44%,38.62%,22.46%,4.50%,61.18%,33.00%,46.03%,24.90%,-17.84%,-6.44%,2.19%,-6.32%,-2.46%,0.84%,-2.53%,-6.29,2.14,-6.29,-6.29,98.03,-140.63,-140.63,413.17,-140.63,9.02,131.66%,123.35%,61.70%,261.12%,1.51,0.62,-2.94%,-4.28%,-35.91%,-51.88%,4.31%,-0.68%,-633.82%,20.51%,42.91,-15.49%,-20.22%,-42.72%,-1.54
Pure Energy Limited,2025/26 Q4,763.80,892.87,13.70,0.63%,-8.81%,-17.07%,-25.48%,-9.27%,"6,110,400,000.00","800,000.00","29,139.64","247,616.82","233,447.73","25,301.74",0.00,94.57%,8.26%,86.33%,47.88%,19.24%,94.28%,9.43%,84.92%,42.54%,10.22%,3.08%,6.61%,3.10%,1.15%,2.47%,1.16%,3.16,6.79,3.16,3.16,103.64,241.50,241.50,112.41,241.50,7.36,193.35%,47.06%,67.85%,269.51%,1.52,0.09,-2.86%,-4.16%,-47.99%,-71.68%,4.80%,-0.12%,-4000.00%,43.79%,34.25,-8.18%,-10.67%,-37.39%,-6.79
Trade Tower Limited,2025/26 Q4,678.90,795.12,-1.10,-1.45%,-5.08%,-16.90%,-13.82%,-18.30%,"5,537,174,253.30","815,609.70","42,427.70","101,520.74","68,343.15","7,382.81",-,65.74%,74.82%,74.03%,23.51%,-22.44%,67.32%,82.56%,93.49%,37.36%,7.27%,0.86%,-3.54%,0.86%,0.54%,-2.22%,0.54%,0.90,-3.73,0.90,0.90,105.20,750.00,750.00,-181.55,750.00,6.45,218.68%,211.02%,0.00%,160.68%,1.74,0.32,-2.79%,-4.01%,-20.55%,-29.51%,5.25%,-0.35%,-1500.00%,58.37%,34.88,-8.09%,-10.77%,-38.84%,-3.13
Sanvi Energy Limited,2025/26 Q4,560.00,680.90,2.00,-0.83%,-7.44%,-20.00%,-17.39%,-15.59%,"4,928,000,000.00","880,000.00","54,640.89","125,505.14","120,679.47","-67,907.26",0.00,98.00%,24.53%,237.02%,94.74%,-57.61%,96.16%,40.72%,132.65%,45.97%,-54.11%,-7.22%,-5.03%,-6.95%,-2.72%,-1.90%,-2.70%,-7.71,-5.37,-7.71,-7.71,106.20,-72.56,-72.56,-104.16,-72.56,5.27,52.42%,52.42%,73.95%,266.39%,1.79,1.08,-2.77%,-4.01%,-19.09%,-27.05%,5.93%,-0.29%,-2044.83%,53.69%,38.30,-10.90%,-14.05%,-44.83%,-3.21
Bikash Hydropower Company Limited,2025/26 Q4,543.00,541.96,23.00,-1.77%,10.34%,-7.02%,9.17%,9.71%,"4,936,420,059.00","909,101.30","113,936.35","190,898.90","176,672.41","98,272.48",0.00,90.31%,13.06%,77.25%,61.06%,51.53%,92.55%,9.66%,82.95%,64.49%,51.48%,9.73%,10.77%,0.00%,8.11%,8.98%,8.07%,10.80,11.96,10.80,10.80,112.53,50.23,50.23,45.38,50.23,4.82,654.01%,213.69%,14.49%,113.75%,1.44,1.20,-2.46%,-3.56%,-11.30%,-16.57%,5.52%,0.23%,2400.00%,64.28%,56.34,-0.70%,-4.03%,-18.83%,-0.29
Him Star Urja Company Limited,2025/26 Q4,638.50,826.23,17.40,-2.52%,-12.17%,-25.76%,-29.76%,117.03%,"2,381,605,000.00","373,000.00","-118,845.04","144,775.29","25,609.74","-110,847.11",0.00,-83.23%,19.41%,-102.64%,-191.74%,-349.91%,17.69%,21.36%,-3.30%,-27.66%,-76.56%,-40.40%,-58.98%,0.00%,-10.44%,-15.24%,0.00%,-29.71,-43.38,-29.71,-29.71,68.13,-21.48,-21.48,-14.71,-21.48,9.37,79.11%,45.14%,101.73%,413.88%,1.58,-1.66,-3.25%,-4.71%,-27.93%,-43.53%,10.40%,1.33%,781.95%,64.55%,31.41,-16.64%,-16.44%,-45.47%,-6.61
Mabilung Energy Limited,2025/26 Q4,557.00,665.87,9.90,-2.33%,-7.01%,-22.75%,-22.32%,0.00%,"2,149,039,680.00","385,824.00","8,572.68","84,493.96","74,766.60","-4,485.24",0.00,95.19%,-5.10%,101.66%,65.63%,14.73%,88.49%,6.35%,83.11%,44.67%,-5.31%,-1.14%,4.04%,0.00%,-0.38%,1.34%,0.00%,-1.16,4.10,-1.16,-1.16,102.22,-479.13,-479.13,135.60,-479.13,5.44,2058.32%,136.39%,71.94%,301.49%,1.61,0.92,-2.74%,-3.97%,-14.55%,-20.73%,8.76%,0.86%,1018.60%,64.34%,34.29,-11.27%,0.00%,0.00%,-5.31
Daramkhola Hydro Energy Limited,2025/26 Q4,566.80,621.05,26.60,2.13%,-2.44%,-10.44%,-3.09%,0.00%,"5,840,874,000.00","1,030,500.00","186,913.21","113,974.05","66,336.62","-101,817.06",0.00,-54.48%,10.35%,-64.82%,-132.12%,-246.65%,58.20%,6.33%,52.03%,-11.32%,-89.33%,-8.03%,-21.55%,0.00%,-3.78%,-10.15%,0.00%,-9.88,-26.52,-9.88,-9.88,118.13,-57.36,-57.36,-21.36,-57.36,4.79,44.96%,44.96%,63.06%,217.26%,1.34,1.11,-2.36%,-3.40%,-13.54%,-19.56%,6.02%,0.20%,3010.00%,37.61%,45.56,-0.84%,0.00%,0.00%,-3.91
Sagar Distillery Limited,2025/26 Q4,"1,520.00","1,729.14",29.00,1.54%,-12.64%,-8.93%,-10.58%,0.00%,"11,035,200,000.00","726,000.00","144,931.13","208,169.26","97,482.70","-57,269.66",0.00,30.24%,57.41%,-27.17%,-29.95%,-19.95%,46.83%,72.05%,57.86%,52.81%,-27.51%,-6.39%,-9.77%,-6.38%,-3.80%,-5.81%,-4.02%,-7.88,-12.07,-7.88,-7.88,119.96,-192.68,-192.68,-125.90,-192.68,12.67,265.62%,242.11%,43.38%,176.61%,1.81,1.69,-3.25%,-4.81%,-41.99%,-63.63%,13.53%,2.81%,481.49%,53.80%,38.19,-1.21%,0.00%,0.00%,-14.90
Bungal Hydro Limited,2025/26 Q4,519.00,634.59,0.00,-3.89%,-11.73%,-29.20%,-16.33%,0.00%,"4,307,700,000.00","830,000.00","-154,217.32","282,478.44","258,035.75","-31,869.76",0.00,70.49%,6.07%,64.42%,5.11%,-58.86%,91.35%,8.17%,83.18%,41.21%,-11.28%,-4.62%,-15.66%,0.00%,-1.17%,-3.98%,0.00%,-3.83,-13.00,-3.83,-3.83,81.41,-135.16,-135.16,-39.91,-135.16,6.37,21.27%,21.27%,85.28%,399.00%,1.82,0.74,-3.70%,-5.34%,-15.08%,-21.90%,11.87%,0.61%,1945.90%,65.02%,32.54,-17.98%,0.00%,0.00%,-6.25
Swastik Laghubitta Bittiya Sanstha Limited,2025/26 Q4,"1,839.80","2,336.25",29.80,-5.16%,-9.37%,-20.70%,-33.58%,0.00%,"1,062,484,500.00","57,750.00","26,917.94","93,412.14","52,587.21","12,191.29",0.00,51.02%,42.15%,0.00%,20.56%,14.39%,56.30%,49.37%,0.00%,18.64%,13.05%,13.82%,13.38%,14.39%,1.51%,1.46%,1.60%,21.11,20.43,21.11,21.11,146.61,87.15,87.15,90.01,87.15,12.54,-1.31%,124.11%,90.10%,1010.59%,1.59,3.04,-3.25%,-4.78%,-104.38%,-158.71%,13.52%,3.51%,385.19%,74.27%,29.55,-14.78%,0.00%,0.00%,-14.45
Bandipur Cablecar and Tourism Limited,2025/26 Q4,642.00,800.56,0.00,-1.76%,-9.56%,-22.18%,-17.51%,0.00%,"18,168,600,000.00","2,829,993.00","-242,956.90","83,771.74","19,737.47","-55,344.65",0.00,13.77%,1.50%,13.77%,-20.40%,-59.49%,23.56%,11.98%,23.56%,-23.39%,-66.07%,-2.13%,-2.11%,0.00%,-1.43%,-1.41%,0.00%,-1.95,-1.92,-1.95,-1.95,91.41,-328.28,-328.28,-332.73,-328.28,7.02,133.45%,128.53%,33.33%,149.99%,2.00,1.38,-2.88%,-4.18%,-19.81%,-28.90%,10.74%,1.48%,725.68%,61.93%,29.52,-13.82%,0.00%,0.00%,-4.16
Jhapa Energy Limited,2025/26 Q4,"1,019.50","1,325.63",9.40,1.83%,-8.32%,-26.02%,-22.77%,0.00%,"3,876,037,050.00","380,190.00","7,389.02","104,712.10","91,743.74","14,657.19",0.00,83.93%,10.32%,73.71%,25.57%,-6.10%,87.62%,8.78%,80.96%,45.78%,14.00%,3.77%,-1.45%,0.00%,1.84%,-0.71%,0.00%,3.85,-1.47,3.85,3.85,101.94,264.44,264.44,-689.57,264.44,10.00,102.23%,49.99%,57.15%,203.36%,1.71,1.56,-3.67%,-5.29%,-49.46%,-74.60%,12.25%,2.20%,556.82%,51.27%,36.33,-18.24%,0.00%,0.00%,-5.10
Shreenagar Agritech Industries Limited,2025/26 Q4,998.00,"1,117.07",61.00,4.50%,-11.35%,-7.42%,16.86%,0.00%,"16,279,875,000.00","1,631,250.00","134,212.82","1,835,716.95","251,275.33","17,834.21",0.00,15.48%,10.71%,4.77%,3.38%,-0.47%,13.69%,7.84%,4.63%,3.27%,0.97%,1.00%,-0.50%,1.29%,0.59%,-0.29%,0.75%,1.09,-0.54,1.09,1.09,108.22,912.84,912.84,"-1,829.64",912.84,9.22,222.48%,115.47%,42.21%,173.05%,2.18,0.64,-3.34%,-4.85%,-36.05%,-56.48%,11.34%,2.28%,497.37%,42.59%,44.60,2.30%,0.00%,0.00%,-18.02
SY Panel Nepal Limited,2025/26 Q4,"1,279.50","1,506.09",82.40,4.88%,-2.85%,-8.93%,21.16%,0.00%,"16,737,614,194.50","1,308,136.10","154,148.24","815,901.29","295,611.36","67,516.49",0.00,40.93%,17.11%,23.82%,21.71%,13.16%,36.23%,18.47%,12.75%,9.91%,8.28%,4.68%,10.33%,6.46%,3.91%,8.64%,5.26%,5.16,11.40,5.16,5.16,111.78,247.90,247.90,112.19,247.90,11.44,959.16%,758.33%,15.70%,118.62%,1.62,5.74,-3.11%,-4.56%,-63.36%,-95.82%,12.77%,3.40%,375.59%,45.76%,47.25,-1.05%,0.00%,0.00%,2.41
Salapa Bikas Bank Limited,2025/26 Q4,865.20,"1,166.43",8.20,-0.55%,-12.61%,-24.90%,0.00%,0.00%,"4,519,700,976.00","522,388.00","18,393.81","139,536.92","63,436.31","7,609.90",-447.58,28.78%,48.72%,0.00%,49.31%,40.44%,45.46%,46.07%,0.00%,7.15%,5.45%,1.41%,7.98%,0.00%,0.36%,2.03%,0.00%,1.45,8.26,1.45,1.45,103.52,593.92,593.92,104.62,593.92,8.35,0.00%,31.25%,75.27%,404.33%,2.20,19.45,-3.94%,-5.79%,-91.14%,-139.27%,15.49%,3.10%,499.68%,59.31%,34.00,-19.10%,0.00%,0.00%,-11.62
Reliance Spinning Mills Limited,2025/26 Q4,"2,695.00","3,147.18",45.00,-0.41%,2.90%,-24.80%,0.00%,0.00%,"51,205,000,000.00","1,900,000.00","7,663,097.20","10,486,323.91","1,411,887.71","399,029.67",0.00,14.70%,7.88%,6.83%,6.83%,4.40%,13.46%,6.41%,4.64%,4.64%,3.81%,4.20%,5.56%,4.59%,2.85%,3.78%,2.75%,21.00,27.81,21.00,21.00,503.32,128.32,128.32,96.87,128.32,5.35,206.72%,122.43%,31.66%,146.33%,1.25,22.03,-4.29%,-6.43%,-108.18%,-178.02%,18.41%,7.17%,256.76%,65.97%,41.86,-16.83%,0.00%,0.00%,35.40
Hotel Forest Inn Limited,2025/26 Q4,618.00,744.88,1.00,0.32%,-13.20%,-29.77%,0.00%,0.00%,"12,360,000,000.00","2,000,000.00","145,633.90","196,362.29","-14,642.89","-244,568.60",0.00,-16.59%,42.19%,-16.59%,-48.80%,-106.63%,-7.46%,44.76%,-7.46%,-45.41%,-124.55%,-11.23%,-11.66%,0.00%,-5.55%,-5.76%,0.00%,-12.22,-12.69,-12.22,-12.22,107.28,-50.53,-50.53,-48.67,-50.53,5.76,185.67%,177.25%,51.26%,205.19%,2.82,-363.80,-4.52%,-6.76%,-142.85%,-223.56%,20.13%,5.94%,338.89%,60.99%,32.55,-22.36%,0.00%,0.00%,-7.19
Solu Hydropower Limited,2025/26 Q4,663.00,652.15,8.00,-0.14%,-1.44%,2.05%,0.00%,0.00%,"66,300,000,000.00","10,000,000.00","3,804,387.72","2,629,245.88","1,380,251.75","1,113,879.57",0.00,62.58%,1.03%,60.50%,60.43%,49.50%,52.50%,2.16%,50.34%,50.28%,42.37%,8.14%,7.48%,0.00%,3.89%,3.57%,0.00%,11.13,10.23,11.13,11.13,138.04,59.52,59.52,64.80,59.52,4.80,420.37%,413.65%,48.67%,180.83%,2.79,-36.62,-3.79%,-5.56%,-23.03%,-34.55%,11.53%,2.11%,546.45%,57.74%,51.94,9.11%,0.00%,0.00%,-8.53
Bhujung Hydropower Limited,2025/26 Q4,642.00,826.67,-13.00,-6.48%,-8.29%,-26.21%,0.00%,0.00%,"6,420,000,000.00","1,000,000.00","-110,505.36","170,084.20","131,337.16","-25,992.36",0.00,60.80%,-12.28%,73.07%,38.49%,-3.40%,77.22%,5.34%,71.88%,35.07%,-15.28%,-2.92%,-0.70%,0.00%,-1.44%,-0.35%,0.00%,-2.59,-0.62,-2.59,-2.59,88.94,-246.99,-246.99,"-1,026.52",-246.99,7.21,257.04%,257.04%,52.26%,200.64%,2.52,-94.67,-4.42%,-6.48%,-73.15%,-110.55%,16.37%,2.11%,775.83%,70.48%,35.32,-18.14%,0.00%,0.00%,-5.63
Super Khudi Hydropower Limited,2025/26 Q4,735.00,892.33,20.00,-2.13%,-19.23%,-23.83%,0.00%,0.00%,"11,392,500,000.00","1,550,000.00","701,970.08",0.00,0.00,"295,976.50",0.00,0.00%,0.00%,0.00%,0.00%,0.00%,0.00%,0.00%,0.00%,0.00%,0.00%,13.47%,20.79%,0.00%,5.78%,8.92%,0.00%,19.09,29.47,19.09,19.09,145.28,38.49,38.49,24.93,38.49,5.05,32.67%,32.67%,78.83%,233.52%,2.84,-211.46,-4.27%,-6.21%,-65.42%,-101.51%,17.42%,3.48%,500.57%,62.67%,34.81,-11.95%,0.00%,0.00%,-14.58
Ridge Line Energy Limited,2025/26 Q4,790.00,918.77,10.00,-7.39%,-12.03%,-16.66%,0.00%,0.00%,"9,361,500,000.00","1,185,000.00","346,076.36","337,237.71","306,273.31","144,992.24",0.00,91.23%,5.12%,86.12%,68.43%,50.85%,90.82%,4.73%,86.10%,65.07%,42.99%,9.62%,13.56%,0.00%,5.52%,7.78%,0.00%,12.23,17.24,12.23,12.23,129.20,64.56,64.56,45.81,64.56,6.11,1158.33%,269.87%,43.40%,171.03%,2.55,230.45,-4.35%,-6.35%,-75.80%,-118.76%,16.14%,2.67%,604.49%,73.91%,35.22,-6.98%,0.00%,0.00%,-17.55
Suryakunda Hydro Electric Limited,2025/26 Q4,815.00,"1,052.23",25.00,-7.91%,-17.35%,-30.64%,0.00%,0.00%,"5,620,846,360.00","689,674.40","-66,334.14","228,147.93","201,548.82","-33,191.18",0.00,86.15%,3.40%,82.75%,37.85%,-18.74%,88.34%,4.55%,83.79%,42.75%,-14.55%,-5.28%,-6.73%,0.00%,-1.46%,-1.86%,0.00%,-4.81,-6.13,-4.81,-4.81,90.38,-169.34,-169.34,-132.78,-169.34,9.01,86.22%,86.22%,80.43%,365.94%,2.33,282.67,-4.50%,-6.65%,-94.06%,-147.71%,20.05%,3.06%,655.23%,71.35%,27.75,-24.20%,0.00%,0.00%,-18.50
Shikhar Power Development Limited,2025/26 Q4,581.00,701.59,15.00,-1.02%,-16.88%,-24.55%,0.00%,0.00%,"5,693,800,000.00","980,000.00","-61,564.60","35,674.53","27,223.46","-75,784.40",0.00,38.79%,-2.98%,-24.46%,-149.35%,-266.22%,76.31%,7.18%,50.07%,-72.16%,-212.43%,-8.13%,-11.63%,0.00%,-4.74%,-6.78%,0.00%,-7.73,-11.06,-7.73,-7.73,93.71,-75.13,-75.13,-52.48,-75.13,6.19,6996.19%,4299.17%,42.42%,172.66%,1.88,0.00,-4.51%,-6.54%,-23.76%,-33.63%,16.39%,2.15%,762.33%,57.69%,33.44,-16.95%,0.00%,0.00%,-12.05
Palpa Cement Industries Limited,2025/26 Q4,628.00,706.52,5.00,5.71%,-2.48%,-18.86%,0.00%,0.00%,"23,550,000,000.00","3,750,000.00","1,093,256.57","4,784,071.92","791,598.33","39,992.66",0.00,14.65%,11.10%,3.55%,3.55%,-1.27%,16.55%,7.57%,13.21%,13.21%,0.84%,0.82%,-1.43%,1.12%,0.38%,-0.65%,0.46%,1.06,-1.84,1.06,1.06,129.15,588.85,588.85,-339.94,588.85,4.86,318.50%,113.29%,53.05%,212.98%,1.73,0.00,-4.43%,-6.43%,-24.49%,-33.85%,15.88%,2.26%,702.65%,41.79%,48.98,-11.60%,0.00%,0.00%,0.30
Kalinchock Hydropower Limited,2025/26 Q4,738.00,856.68,37.00,-8.09%,-12.46%,-35.94%,0.00%,0.00%,"4,059,000,000.00","550,000.00","34,688.17",0.00,0.00,"6,063.36",0.00,0.00%,0.00%,0.00%,0.00%,0.00%,0.00%,0.00%,0.00%,0.00%,0.00%,1.18%,0.00%,0.00%,0.51%,0.00%,0.00%,1.10,0.00,1.10,1.10,106.30,669.43,669.43,0.00,669.43,6.94,1116.02%,93.75%,62.82%,214.89%,1.75,0.00,-5.61%,-8.28%,-64.51%,-106.46%,23.88%,4.80%,497.50%,71.04%,39.21,5.30%,0.00%,0.00%,-0.10
Sopan Pharmaceuticals Limited,-,734.00,794.08,3.00,0.69%,-9.94%,82.54%,0.00%,0.00%,"12,595,440,000.00",0.00,0.00,0.00,0.00,0.00,0.00,0.00%,0.00%,0.00%,0.00%,0.00%,0.00%,0.00%,0.00%,0.00%,0.00%,0.00%,0.00%,0.00%,0.00%,0.00%,0.00%,0.00,0.00,0.00,0.00,0.00,0.00,0.00,0.00,0.00,0.00,0.00%,0.00%,0.00%,0.00%,1.98,0.00,-6.00%,-8.95%,-10.67%,-15.38%,22.03%,5.02%,438.84%,57.81%,41.44,0.00%,0.00%,0.00%,-4.96
Appolo Hydropower Limited,2025/26 Q4,677.00,791.82,10.00,0.73%,-18.46%,96.46%,0.00%,0.00%,"3,181,900,000.00","470,000.00","11,345.97","32,523.39","16,718.81","-19,365.84",0.00,56.42%,59.34%,-1.60%,-1.60%,-49.32%,51.41%,62.93%,-4.95%,-4.95%,-59.54%,-4.58%,-13.31%,0.00%,-1.41%,-4.09%,0.00%,-4.12,-11.96,-4.12,-4.12,102.41,-164.30,-164.30,-56.56,-164.30,6.61,51.09%,48.29%,77.69%,291.35%,0.65,0.00,-5.31%,-7.89%,-19.67%,-28.64%,21.91%,5.63%,389.17%,58.85%,32.94,0.00%,0.00%,0.00%,-7.85
Yambaling Hydropower Limited,2025/26 Q4,564.00,601.10,-4.00,-4.39%,-11.82%,0.00%,0.00%,0.00%,"3,948,000,000.00","700,000.00","-45,683.28","180,118.75","142,611.79","-112,279.29",0.00,26.80%,26.08%,0.72%,-53.44%,-88.40%,79.18%,8.74%,70.44%,32.73%,-62.34%,-20.93%,-20.66%,0.00%,-6.87%,-6.78%,0.00%,-16.03,-15.83,-16.03,-16.03,93.47,-35.16,-35.16,-35.61,-35.16,6.03,24.77%,24.77%,69.51%,267.30%,-0.63,0.00,-4.93%,-7.30%,-2.28%,-5.34%,16.00%,2.12%,754.72%,66.02%,40.77,0.00%,0.00%,0.00%,-9.56
Taksar Pikhuwa Khola Hydropower Limited,2025/26 Q4,505.00,537.40,17.00,0.98%,-7.34%,0.00%,0.00%,0.00%,"6,060,000,000.00","1,200,000.00","29,327.70","250,247.77","233,612.87","35,575.67",0.00,111.88%,14.75%,97.13%,66.06%,9.26%,93.35%,10.69%,82.66%,55.29%,14.22%,3.49%,2.05%,0.00%,1.80%,1.06%,0.00%,2.96,1.74,2.96,2.96,102.44,170.34,170.34,289.64,170.34,4.92,859.70%,464.75%,42.14%,165.51%,-0.76,0.00,-5.37%,-7.85%,-0.71%,-1.04%,13.43%,1.02%,1316.67%,50.12%,45.14,0.00%,0.00%,0.00%,-7.22
Snow Rivers Limited,2025/26 Q4,864.00,832.43,13.00,-2.91%,-6.90%,0.00%,0.00%,0.00%,"8,100,000,000.00","937,500.00","113,360.20","377,510.88","341,183.78","111,818.24",0.00,93.55%,1.27%,92.28%,75.53%,48.27%,90.38%,1.78%,88.59%,65.98%,29.62%,12.06%,26.65%,0.00%,3.98%,8.81%,0.00%,11.92,26.36,11.92,11.92,112.09,72.43,72.43,32.77,72.43,7.70,225.02%,224.79%,68.28%,273.80%,1.45,0.00,-5.00%,-7.53%,-16.64%,-41.84%,14.64%,5.59%,261.90%,72.02%,52.94,0.00%,0.00%,0.00%,-11.16
Kalanga Hydro Limited,2025/26 Q4,484.00,514.98,9.00,-1.39%,-8.68%,0.00%,0.00%,0.00%,"6,776,000,000.00","1,400,000.00","25,961.77","512,008.31","454,801.38","52,451.81",0.00,64.81%,5.17%,59.64%,21.19%,-23.48%,88.83%,4.53%,84.29%,53.18%,10.24%,4.37%,-7.99%,0.00%,1.30%,-2.37%,0.00%,3.74,-6.85,3.74,3.74,101.85,129.18,129.18,-70.60,129.18,4.75,274.33%,274.33%,67.97%,294.76%,1.51,0.00,-2.87%,-4.33%,-10.90%,-26.30%,7.56%,-0.08%,-9450.00%,56.93%,45.15,0.00%,0.00%,0.00%,-8.29
Sanigad Hydro Limited,2025/26 Q4,483.10,501.63,13.10,-1.81%,-5.83%,0.00%,0.00%,0.00%,"13,768,350,000.00","2,850,000.00","336,413.99","1,110,581.05","1,052,289.21","265,881.01",0.00,79.64%,-6.07%,85.72%,57.53%,29.26%,94.75%,4.96%,89.80%,60.39%,23.94%,9.75%,12.28%,0.00%,3.43%,4.32%,0.00%,9.32,11.75,9.32,9.32,111.80,51.78,51.78,41.09,51.78,4.32,61.53%,60.82%,68.34%,243.82%,1.59,0.00,-2.59%,-3.85%,-6.79%,-19.40%,6.04%,0.31%,1948.39%,63.84%,46.72,0.00%,0.00%,0.00%,-7.44
Everest Colour Limited,2025/26 Q4,"1,294.00","1,228.92",-24.00,-11.67%,-17.84%,0.00%,0.00%,0.00%,"3,882,000,000.00","300,000.00","49,900.53","173,049.76","91,665.33","22,130.07",0.00,52.97%,33.81%,19.16%,16.73%,12.79%,52.97%,33.81%,22.93%,20.50%,12.79%,12.65%,50.60%,0.00%,10.67%,42.66%,0.00%,7.37,29.50,7.37,7.37,116.63,175.41,175.41,43.85,175.41,11.09,534.61%,442.33%,15.68%,118.60%,-0.95,0.00,-6.30%,-9.99%,0.00%,0.00%,33.83%,16.10%,210.12%,80.03%,0.00,0.00%,0.00%,0.00%,0.00
