Symbol,Name,Sector,Instrument,Status,Email,Website
000011,Samriddhi Finance Company Limited,Finance,Promoter Share,Inactive,cs@sfcl.com.np,sfcl.com.np
00002,National Life Insurance Co. Ltd.,Life Insurance,Promoter Share,Inactive,info@nationallife.com.np,www.nationallife.com.np
ACEDBL,Ace Development Bank Ltd.,Development Banks,Equity,Delisted,info@ace.com.np,
ACEDPO,Ace Development Bank Ltd.,Development Banks,Promoter Share,Inactive,info@ace.com.np,
ACLBSL,Aarambha Chautari Laghubitta Bittiya Sanstha Limited,Microfinance,Equity,Active,aarambhachautari@gmail.com,www.aarambhachautari.com
ACLBSLP,Aarambha Chautari Laghubitta Bittya Sanstha Limited,Microfinance,Promoter Share,Active,aarambhachautari@gmail.com,www.aarambhachautari.com
ADBL,Agricultural Development Bank Limited,Commercial Banks,Equity,Active,cs@adbl.gov.np,
ADBLB,4% Agricultural Bond,Commercial Banks,Non-Convertible Debentures,Active,cs@adbl.gov.np,
ADBLB86,Agricultural Bond (8 Year),Commercial Banks,Non-Convertible Debentures,Active,cs@adbl.gov.np,
ADBLB87,Agricultural Bond (9 Year),Commercial Banks,Non-Convertible Debentures,Active,cs@adbl.gov.np,
ADBLD83,10.35% Agricultural Bank Debenture 2083,Commercial Banks,Non-Convertible Debentures,Active,cs@adbl.gov.np,
ADLB,Adarsha Laghubitta Bittiya Sanstha Limited,Microfinance,Equity,Delisted,adarshalbbs@gmail.com,www.adarshamicrofinance.com
ADLBP,Adarsha Laghubitta Bittiya Sanstha Limited,Microfinance,Promoter Share,Inactive,adarshalbbs@gmail.com,www.adarshamicrofinance.com
AEFL,Alpic Everest Finance Co. Ltd.,Finance,Equity,Delisted,abc@abc.com,
AEFLPO,Alpic Everest Finance Co. Ltd.,Finance,Promoter Share,Inactive,abc@abc.com,
AFL,Api Finance Limited,Finance,Equity,Delisted,api@fewanet.com.np,
AHL,Asian Hydropower Limited,Hydro Power,Equity,Active,info@asianhydro.com.np,https://asianhydro.com.np/
AHPC,Arun Valley Hydropower Development Co. Ltd.,Hydro Power,Equity,Active,arunvalley2054@gmail.com,https://arunhydro.com.np
AIL,Ajod Insurance Limited,Non Life Insurance,Equity,Delisted,info@ajodinsurance.com,www.ajodinsurance.com
AILP,Ajod Insurance Ltd,Non Life Insurance,Promoter Share,Inactive,info@ajodinsurance.com,www.ajodinsurance.com
AKBSL,Adhikhola Laghubitta Bittiya Sanstha Limited,Microfinance,Equity,Delisted,adhikholalaghubitta@gmail.com,www.albs.com.np
AKBSLPO,Adhikhola Laghubitta Bittiya Sanstha Limited,Microfinance,Promoter Share,Inactive,adhikholalaghubitta@gmail.com,www.albs.com.np
AKJCL,Ankhu Khola Jalvidhyut Company Ltd,Hydro Power,Equity,Active,ankhukhola@yahoo.com,www.aankhukholahydropower.com.np
AKPL,Arun Kabeli Power Ltd.,Hydro Power,Equity,Active,arunkabeli@gmail.com,
ALBSL,Asha Laghubitta Bittiya Sanstha Ltd,Microfinance,Equity,Active,info@ashamicrofinance.com.np,www.ashamicrofinance.com.np
ALBSLP,Asha Laghubitta Bittiya Sanstha Ltd.,Microfinance,Promoter Share,Active,info@ashamicrofinance.com.np,www.ashamicrofinance.com.np
ALDBL,Alpine Development Bank Limited,Development Banks,Equity,Delisted,info@alpinedevbank.com.np,http://www.alpinedevbank.com.np
ALDBLP,Alpine Development Bank Limited,Development Banks,Promoter Share,Inactive,info@alpinedevbank.com.np,http://www.alpinedevbank.com.np
ALICL,Asian Life Insurance Co. Limited,Life Insurance,Equity,Active,asianlife@asianlife.com.np,www.asianlife.com.np
ALICLP,Asian Life Insurance Co Limited,Life Insurance,Promoter Share,Active,asianlife@asianlife.com.np,www.asianlife.com.np
AMFI,Arambha Microfinance Bittiya Sanstha Ltd.,Microfinance,Equity,Delisted,aarambhamicrofinance@gmail.com,http://www.aarambhamf.com.np
AMFIPO,Arambha Microfinance Bittiya Sanstha Ltd.,Microfinance,Promoter Share,Inactive,aarambhamicrofinance@gmail.com,http://www.aarambhamf.com.np
ANLB,Aatmanirbhar Laghubitta Bittiya Sanstha Limited,Microfinance,Equity,Active,aatmanirbhar2076@gmail.com,https://aatmanirbhar.com.np
ANLBP,Aatmanirbhar Laghubitta Bittitya Sanstha Limited,Microfinance,Promoter Share,Active,aatmanirbhar2076@gmail.com,https://aatmanirbhar.com.np
APEX,Apex Development Bank Ltd.,Development Banks,Equity,Delisted,info@apexbanknepal.com,
APEXPO,Apex Development Bank Ltd.,Development Banks,Promoter Share,Inactive,info@apexbanknepal.com,
APHL,Appolo Hydropower Limited,Hydro Power,Equity,Active,buku.khola@gmail.com,www.appolohydro.com
API,Api Power Company Ltd.,Hydro Power,Equity,Active,apipowercompany@gmail.com,www.apipower.com.np
ARDBL,Araniko Development Bank Limited,Development Banks,Equity,Delisted,nabin@aranikobank.com,
ARDBLP,Araniko Development Bank Limited,Development Banks,Promoter Share,Inactive,nabin@aranikobank.com,
AVU,Arun Vanaspati Udhyog Limited,Manufacturing And Processing,Equity,Suspended,avu@avu.com,
AVYAN,Aviyan Laghubitta Bittiya Sanstha Limited,Microfinance,Equity,Active,aviyanlaghu@gmail.com,https://www.aviyanlaghubitta.com/
AVYANP,Aviyan laghubittya bittiya sanstha limited,Microfinance,Promoter Share,Active,aviyanlaghu@gmail.com,https://www.aviyanlaghubitta.com/
AXIS,Axis Development Bank Limited,Development Banks,Equity,Delisted,pbank@wlink.com.np,http://www.pashupatibank.com.np
BANDIPUR,Bandipur Cablecar and Tourism Limited,Hotels And Tourism,Equity,Active,information@bandipurhill.com,www.bandipurhill.com
BARUN,Barun Hydropower Co. Ltd.,Hydro Power,Equity,Active,barunhydro@gmail.com,
BBBL,Bhrikuti Vikash Bank Limited,Development Banks,Equity,Delisted,vbb@vbb.com,
BBBLN,Bagheshwori Development Bank Limited,Development Banks,Equity,Delisted,bdb@bdb.com,
BBBLNP,Bagheshwori Development Bank Limited,Development Banks,Promoter Share,Inactive,bdb@bdb.com,
BBBLPO,Bhrikuti Vikash Bank Limited,Development Banks,Promoter Share,Inactive,vbb@vbb.com,
BBC,Bishal Bazar Company Limited,Tradings,Equity,Active,info@bishalbazar.com.np,
BEDC,Bhugol Energy Development Company Limited,Hydro Power,Equity,Active,energy.bhugol@gmail.com,www.bedc.com.np
BFC,Best Finance Company Ltd.,Finance,Equity,Active,info@bestfinance.com.np,www.bestfinance.com.np
BFCL,Bhaktapur Finance Co. Ltd.,Finance,Equity,Delisted,info@bktfinance.com,
BFCLPO,Bhaktapur Finance Co. Ltd.,Finance,Promoter Share,Inactive,info@bktfinance.com,
BFCPO,Best Finance Company Ltd.,Finance,Promoter Share,Active,info@bestfinance.com.np,www.bestfinance.com.np
BFIL,Bhajuratna Finance & Saving Co. Ltd.,Finance,Equity,Delisted,avu@avu.com,
BFLPO,Synergy Finance Ltd.,Finance,Promoter Share,Inactive,abc@abc.com,
BGDBL,Bagmati Development Bank Ltd.,Development Banks,Equity,Delisted,bagmatibank@info.com,
BGDBLP,Bagmati Development Bank Ltd.,Development Banks,Promoter Share,Inactive,bagmatibank@info.com,
BGWT,Bhagawati Hydropower Development Company Limited,Hydro Power,Equity,Active,bhdcpokhara1@gmail.com,www.bhagawatihydro.com.np
BHBL,Bhargav Bikash Bank Ltd.,Development Banks,Equity,Delisted,prjoshi@bhargavbank.com.np,
BHBLPO,Bhargav Bikash Bank Ltd.,Development Banks,Promoter Share,Inactive,prjoshi@bhargavbank.com.np,
BHCL,Bikash Hydropower Company Limited,Hydro Power,Equity,Active,uppermachhakhola@gmail.com,www.bikashhydro.com.np
BHDC,Bindhyabasini Hydropower Development Company Limited,Hydro Power,Equity,Active,info.bhdc@rmgroup.com.np,https://bindhyabasinihydro.com.np
BHL,Balephi Hydropower Limited,Hydro Power,Equity,Active,info@balephihydro.com,www.balephihydro.com
BHPL,Barahi Hydropower Public Limited,Hydro Power,Equity,Active,bhpl.acc@gmail.com,www.barahihydropower.com.np
BJFL,Birgunj Finance Ltd.,Finance,Equity,Delisted,avu@avu.com,
BJHL,Bhujung Hydropower Limited,Hydro Power,Equity,Active,bhujung.hydro@gmail.com,
BJM,Biratnagar Jute Mills Limited,Manufacturing And Processing,Equity,Delisted,bjm@bjm.com,
BLDBL,Biratlaxmi Bikas Bank Limited,Development Banks,Equity,Delisted,info@biratlaxmibank.com.np,
BLDBLP,Biratlaxmi Bikas Bank Limited,Development Banks,Promoter Share,Inactive,info@biratlaxmibank.com.np,
BNHC,Buddha Bhumi Nepal Hydropower Company Limited,Hydro Power,Equity,Active,info@buddhabhumi.com,buddhabhuminepalhydro.com.np
BNL,Bottlers Nepal (Balaju) Limited,Manufacturing And Processing,Equity,Active,prburma@coca-cola.com.np,
BNT,Bottlers Nepal (Terai) Limited,Manufacturing And Processing,Equity,Active,investorrelations@coca-cola.com.np,
BOAN,Bank of Asia Nepal Limited,Commercial Banks,Equity,Delisted,info@boa.com.np,
BOKD2079,8% BOK Debenture 2079,Commercial Banks,Non-Convertible Debentures,Delisted,deepak.gautam@bok.com.np,
BOKD86,8.5% BOK Debenture 2086,Commercial Banks,Non-Convertible Debentures,Active,deepak.gautam@bok.com.np,
BOKD86KA,"BOK Debenture 2086 ""KA""",Commercial Banks,Non-Convertible Debentures,Active,deepak.gautam@bok.com.np,
BOKL,Bank of Kathmandu Ltd.,Commercial Banks,Equity,Delisted,deepak.gautam@bok.com.np,
BOKLPO,Bank of Kathmandu Ltd.,Commercial Banks,Promoter Share,Inactive,deepak.gautam@bok.com.np,
BPCL,Butwal Power Company Limited,Hydro Power,Equity,Active,hari.budhathoki@bpc.com.np,http://www.bpc.com.np
BPW,BPW Laghubitta Bittiya Sanstha Limited,Microfinance,Equity,Delisted,bpwlaghubitta@gmail.com,www.bpwlaghubitta.com.np
BPWP,BPW Laghubitta Bittiya Sanstha,Microfinance,Promoter Share,Inactive,bpwlaghubitta@gmail.com,www.bpwlaghubitta.com.np
BRTBL,Bright Development Bank Ltd,Development Banks,Equity,Delisted,bright@gmail.com,
BSBLPO,Gandaki Bikas Bank Limited,Development Banks,Promoter Share,Inactive,chhabindra@gandakibank.com.np,
BSL,Birat Shoe Limited,Manufacturing And Processing,Equity,Suspended,bsl@bsl.com,
BSM,Butwal Spinning Mills Limited,Manufacturing And Processing,Equity,Suspended,bsm@bsm.com,
BUDBL,Business Universal Development Bank Ltd.,Development Banks,Equity,Delisted,info@budbank.com.np,http://www.budbank.com.np
BUDBLP,Business Universal Development Bank Ltd.,Development Banks,Promoter Share,Inactive,info@budbank.com.np,http://www.budbank.com.np
BUNGAL,Bungal Hydro Limited,Hydro Power,Equity,Active,info.kghep@gmail.com,bungalhydro.com.np
C30MF,Citizens Super 30 Mutual Fund,Commercial Banks,Mutual Funds,Active,pramesh.kayastha@ctznbank.com,www.ctznbank.com
CBBL,Chhimek Laghubitta Bittiya Sanstha Limited,Microfinance,Equity,Active,info@chhimekbank.org.np,www.chhimekbank.org
CBBLPO,Chhimek Laghubitta Bittiya Sanstha Limited,Microfinance,Promoter Share,Active,info@chhimekbank.org.np,www.chhimekbank.org
CBL,Civil Bank Ltd,Commercial Banks,Equity,Delisted,hirakaji.basnet@civilbank.com.np,
CBLD88,Civil Bank Debenture 2088,Commercial Banks,Non-Convertible Debentures,Active,hirakaji.basnet@civilbank.com.np,
CBLPO,Civil Bank Ltd,Commercial Banks,Promoter Share,Inactive,hirakaji.basnet@civilbank.com.np,
CCBD88,Century Debenture 2088,Commercial Banks,Non-Convertible Debentures,Active,welcome@centurybank.com.np,
CCBL,Century Commercial Bank Ltd.,Commercial Banks,Equity,Delisted,welcome@centurybank.com.np,
CCBLPO,Century Commercial Bank Ltd.,Commercial Banks,Promoter Share,Inactive,welcome@centurybank.com.np,
CEDBL,Clean Energy Development Bank Limited,Development Banks,Equity,Delisted,info@cedbl.com,http://www.cedbl.com
CEDBLP,Clean Energy Development Bank Limited,Development Banks,Promoter Share,Inactive,info@cedbl.com,http://www.cedbl.com
CEFL,City Express Finance Co. Limited,Finance,Equity,Delisted,legal@cityexpress.com.np,
CEFLPO,City Express Finance Co. Limited,Finance,Promoter Share,Inactive,legal@cityexpress.com.np,
CFCL,Central Finance Co. Ltd.,Finance,Equity,Active,info@centralfinance.com.np,
CFCLPO,Central Finance Co. Ltd.,Finance,Promoter Share,Active,info@centralfinance.com.np,
CFL,Crystal Finance Ltd.,Finance,Equity,Suspended,info@crystal.com.np,
CGH,Chandragiri Hills Limited,Hotels And Tourism,Equity,Active,jhalak.sharma@chandragirihills.com,www.chandragirihills.com
CGHP,Chandragiri Hills Limited,Hotels And Tourism,Promoter Share,Inactive,jhalak.sharma@chandragirihills.com,www.chandragirihills.com
CHCL,Chilime Hydropower Company Limited,Hydro Power,Equity,Active,info@chilime.com.np,www.chilime.com.np
CHDC,CEDB Holdings Limited,Investment,Equity,Active,chf@chf.com.np,www.chdc.com.np
CHL,Chhyangdi Hydropower Ltd.,Hydro Power,Equity,Active,chhyangdihydropowerltd@gmail.com,
CIT,Citizen Investment Trust,Investment,Equity,Active,cit.cmkt@gmail.com,nlk.org.np
CITPO,Citizen Investment Trust,Investment,Promoter Share,Active,cit.cmkt@gmail.com,nlk.org.np
CITY,City Hotel Limited,Hotels And Tourism,Equity,Active,info@cityhotel.com.np,https://cityhotel.com.np/
CIVIC,Civic Development Bank Ltd,Development Banks,Equity,Delisted,civic@gmail.com,
CIZBD86,10.25% Citizens Bank Debenture 2086,Commercial Banks,Non-Convertible Debentures,Active,pramesh.kayastha@ctznbank.com,www.ctznbank.com
CIZBD90,10% Citizens Bank Debenture 2090,Commercial Banks,Non-Convertible Debentures,Active,pramesh.kayastha@ctznbank.com,www.ctznbank.com
CKHL,Chirkhwa Hydropower Limited,Hydro Power,Equity,Active,chirkhwa@gmail.com,www.chirkhwahpl.com
CLI,Citizen Life Insurance Company Limited,Life Insurance,Equity,Active,info@citizenlifenepal.com,www.citizenlifenepal.com
CLIP,Citizen Life Insurance Company Limited,Life Insurance,Promoter Share,Active,info@citizenlifenepal.com,www.citizenlifenepal.com
CMB,Capital Merchant Bank & Finance Co. Ltd.,Finance,Equity,Suspended,avu@avu.com,
CMBF,CMB Finance Limited,Finance,Equity,Delisted,cmbfl@wlink.com.np,
CMBFLP,Capital Merchant Bank & Finance Co. Ltd.,Finance,Promoter Share,Inactive,avu@avu.com,
CMBFPO,CMB Finance Limited,Finance,Promoter Share,Inactive,cmbfl@wlink.com.np,
CMBSL,Civil Merchant Bittiya Santha Ltd.,Finance,Equity,Delisted,marketing@civilmbsl.com,
CMBSLP,Civil Merchant Bittiya Santha Ltd.,Finance,Promoter Share,Inactive,marketing@civilmbsl.com,
CMF1,Citizens Mutual Fund -1,Commercial Banks,Mutual Funds,Delisted,pramesh.kayastha@ctznbank.com,www.ctznbank.com
CMF2,CITIZENS MUTUAL FUND 2,Mutual Fund,Mutual Funds,Delisted,info@cbilcapital.com,www.cbilcapital.com
CNDBL,Country Development Bank Ltd.,Development Banks,Equity,Delisted,info@cdbank.com.np,http://www.cdbank.com.np
CNDBLP,Country Development Bank Ltd.,Development Banks,Promoter Share,Inactive,info@cdbank.com.np,http://www.cdbank.com.np
CORBL,Corporate Development Bank Limited,Development Banks,Equity,Active,info@corporatebank.com.np,
CORBLP,Corporate Development Bank Limited,Development Banks,Promoter Share,Active,info@corporatebank.com.np,
CREST,Crest Micro Life Insurance Limited,Life Insurance,Equity,Active,info@cmli.com.np,www.cmli.com.np
CRESTP,Crest Micro Life Insurance Limited,Life Insurance,Promoter Share,Active,info@cmli.com.np,www.cmli.com.np
CSDBL,Cosmos Development Bank Ltd.,Development Banks,Equity,Delisted,info@cosmosbank.com.np,
CSDBLP,Cosmos Development Bank Ltd.,Development Banks,Promoter Share,Inactive,info@cosmosbank.com.np,
CSY,Citizens Santulit Yojana,Commercial Banks,Mutual Funds,Active,pramesh.kayastha@ctznbank.com,www.ctznbank.com
CTBNL,Commerz and Trust Bank Nepal Ltd.,Commercial Banks,Equity,Delisted,info@ctbnl.com,http://www.ctbanknepal.com
CYCL,CYC Nepal Laghubitta Bittiya Sanstha Limited,Microfinance,Equity,Active,info@cycnlbsl.org.np,www.cycnlbsl.org.np
CYCLP,CYC Nepal laghubitta Bittiya Sanstha Limited,Microfinance,Promoter Share,Active,info@cycnlbsl.org.np,www.cycnlbsl.org.np
CZBIL,Citizens Bank International Limited,Commercial Banks,Equity,Active,pramesh.kayastha@ctznbank.com,www.ctznbank.com
CZBILP,Citizens Bank International Limited,Commercial Banks,Promoter Share,Active,pramesh.kayastha@ctznbank.com,www.ctznbank.com
DBBL,Deva Bikas Bank Limited,Development Banks,Equity,Delisted,info@devabank.com.np,
DBBLPO,Deva Bikas Bank Limited,Development Banks,Promoter Share,Inactive,info@devabank.com.np,
DDBL,Deprosc Laghubitta Bittiya Sanstha Limited,Microfinance,Equity,Active,info@deproscbank.com.np,www.deproscbank.com.np
DDBLPO,Deprosc Laghubitta Bittiya Sanstha Limited,Microfinance,Promoter Share,Active,info@deproscbank.com.np,www.deproscbank.com.np
DHEL,Daramkhola Hydro Energy Limited,Hydro Power,Equity,Active,daramkholahydroenergy@gmail.com,https://daramkholahydro.com
DHPL,Dibyashwori Hydropower Ltd.,Hydro Power,Equity,Active,dibyashwarihydropower@gmail.com,
DLBS,Dhaulagiri Laghubitta Bittiya Sanstha Limited,Microfinance,Equity,Active,dlbsbank.headoffice@gmail.com,www.dhaulagiribank.com
DLBSP,Dhaulagiri laghubitta Sanstha Limited,Microfinance,Promoter Share,Inactive,dlbsbank.headoffice@gmail.com,www.dhaulagiribank.com
DOLTI,Dolti Power Company Limited,Hydro Power,Equity,Active,info@doltipower.com.np,www.doltipower.org.np
DORDI,Dordi Khola Jal Bidyut Company Limited,Hydro Power,Equity,Active,info@dordikhola.com.np,www.dordikhola.com.np
EBL,Everest Bank Limited,Commercial Banks,Equity,Active,sharedept@ebl.com.np,www.everestbankltd.com
EBLCP,Everest Bank Limited Con. Pref.,Commercial Banks,Preference Shares,Delisted,sharedept@ebl.com.np,www.everestbankltd.com
EBLD2078,8% EBL Debenture 2078,Commercial Banks,Non-Convertible Debentures,Delisted,sharedept@ebl.com.np,www.everestbankltd.com
EBLD85,10.50% Everest Bank Limited Debenture 2085,Commercial Banks,Non-Convertible Debentures,Active,sharedept@ebl.com.np,www.everestbankltd.com
EBLD86,Everest Bank Limited,Commercial Banks,Non-Convertible Debentures,Active,sharedept@ebl.com.np,www.everestbankltd.com
EBLD91,Everest Bank Limited Debenture 2091,Commercial Banks,Non-Convertible Debentures,Active,sharedept@ebl.com.np,www.everestbankltd.com
EBLEB89,"Everest Bank Limited Energy Bond, 2089",Commercial Banks,Non-Convertible Debentures,Active,sharedept@ebl.com.np,www.everestbankltd.com
EBLPO,Everest Bank Limited,Commercial Banks,Promoter Share,Active,sharedept@ebl.com.np,www.everestbankltd.com
ECL,Everest Colour Limited,Manufacturing And Processing,Equity,Active,ecinepal@gmail.com,www.everestcolour.com
EDBL,Excel Development Bank Ltd.,Development Banks,Equity,Active,info@edb.com.np,
EDBLPO,Excel Development Bank Ltd.,Development Banks,Promoter Share,Active,info@edb.com.np,
EFL,Everest Finance Ltd.,Finance,Equity,Delisted,efl@efl.com.np,
EFLPO,Everest Finance Ltd.,Finance,Promoter Share,Inactive,efl@efl.com.np,
EHPL,Eastern Hydropower Limited,Hydro Power,Equity,Active,pikhuwakhola5@gmail.com,www.ehpl.com.np
EIC,Everest Insurance Co. Ltd.,Non Life Insurance,Equity,Delisted,pradip@eic.com.np,
EICPO,Everest Insurance Co. Ltd.,Non Life Insurance,Promoter Share,Inactive,pradip@eic.com.np,
EKBL,Ekata Bikas Bank Ltd.,Development Banks,Equity,Delisted,info@ekatabank.com.np,http://www.ekatabank.com.np
EKBLPO,Ekata Bikas Bank Ltd.,Development Banks,Promoter Share,Inactive,info@ekatabank.com.np,http://www.ekatabank.com.np
ENL,Emerging Nepal Limited,Investment,Equity,Active,mail@emergingnep.com,https://www.emergingnep.com
ENLP,Emerging nepal limited,Investment,Promoter Share,Inactive,mail@emergingnep.com,https://www.emergingnep.com
ESC,National Pro. And Eco. Dev. Centre,Others,Equity,Delisted,esc@esc.com,
FBBLPO,Gandaki Bikas Bank Limited,Development Banks,Promoter Share,Inactive,chhabindra@gandakibank.com.np,
FFCL,Fewa Finance Co. Ltd.,Finance,Equity,Delisted,avu@avu.com,
FHL,Fleur Himalayan Limited,Manufacturing And Processing,Equity,Suspended,fhl@fhl.com,
FMDBL,First Micro Finance Laghubitta Bittiya Sanstha Limited,Microfinance,Equity,Active,bijay@fmdb.com.np,www.fmdb.com.np
FMDBLP,First Micro Finance Laghubitta Bittiya Sanstha Limited,Microfinance,Promoter Share,Active,bijay@fmdb.com.np,www.fmdb.com.np
FOWAD,Forward Microfinance Laghubitta Bittiya Sanstha Limited,Microfinance,Equity,Active,info@forwardmfbank.com.np,www.forwardmfbank.com.np
FOWADP,Forward Microfinance Laghubitta Bittiya Sanstha Limited,Microfinance,Promoter Share,Active,info@forwardmfbank.com.np,www.forwardmfbank.com.np
GABL,Gaumukhee Bikas Bank Ltd.,Development Banks,Equity,Delisted,gaumukhi.bijuwar@gmail.com,
GABLPO,Gaumukhee Bikas Bank Ltd.,Development Banks,Promoter Share,Inactive,gaumukhi.bijuwar@gmail.com,
GBBD85,"Garima Debenture, 2085",Development Banks,Non-Convertible Debentures,Active,info@garimabank.com.np,www.garimabank.com.np
GBBL,Garima Bikas Bank Limited,Development Banks,Equity,Active,info@garimabank.com.np,www.garimabank.com.np
GBBLPO,Garima Bikas Bank Limited,Development Banks,Promoter Share,Active,info@garimabank.com.np,www.garimabank.com.np
GBD80/81,10.25% GLOBAL IME BANK LTD. DEBENTURE 2080/81,Commercial Banks,Non-Convertible Debentures,Delisted,nlisting@gibl.com.np,http://www.globalimebank.com
GBILD84/85,"Global IME Bank Debenture, 2084/85",Commercial Banks,Non-Convertible Debentures,Active,nlisting@gibl.com.np,http://www.globalimebank.com
GBILD86/87,Global IME Bank Limited Debenture 2086/87,Commercial Banks,Non-Convertible Debentures,Active,nlisting@gibl.com.np,http://www.globalimebank.com
GBIME,Global IME Bank Limited,Commercial Banks,Equity,Active,nlisting@gibl.com.np,http://www.globalimebank.com
GBIMEP,Global IME Bank Limited,Commercial Banks,Promoter Share,Active,nlisting@gibl.com.np,http://www.globalimebank.com
GBIMESY2,Global IME Sammunat Yojana -2,Commercial Banks,Mutual Funds,Active,nlisting@gibl.com.np,http://www.globalimebank.com
GBLBS,Grameen Bikas Laghubitta Bittiya Sanstha Ltd.,Microfinance,Equity,Active,info@gblbs.com.np,http://www.grameenbanknepal.com
GBLBSP,Grameen Bikas Laghubitta Bittiya Sanstha Ltd.,Microfinance,Promoter Share,Active,info@gblbs.com.np,http://www.grameenbanknepal.com
GCIL,Ghorahi Cement Industry Limited,Manufacturing And Processing,Equity,Active,enquiry@ghorahicement.com,www.ghorahicement.com.np
GDBL,Gandaki Bikas Bank Limited,Development Banks,Equity,Delisted,chhabindra@gandakibank.com.np,
GDBL1,Gandaki Bikas BankLimited,Development Banks,Equity,Delisted,hop@gandakibank.com,
GDBLPO,Gandaki Bikas Bank Limited,Development Banks,Promoter Share,Inactive,chhabindra@gandakibank.com.np,
GDBNL,Gurkha Development Bank Limited,Development Banks,Equity,Delisted,info@gdbl.com.np,http://www.gdbl.com.np
GFCL,Goodwill Finance Limited,Finance,Equity,Active,info@goodwill.net.np,https://goodwillfinance.com.np/
GFCLPO,Goodwill Finance Limited,Finance,Promoter Share,Active,info@goodwill.net.np,https://goodwillfinance.com.np/
GFLK,Gorkha Finance Ltd.,Finance,Equity,Delisted,gflk@gflk.com,
GFLKPO,Gorkha Finance Ltd.,Finance,Promoter Share,Inactive,gflk@gflk.com,
GGBSL,Ghodighoda Laghubitta Bittiya Sanstha Ltd.,Microfinance,Equity,Delisted,ghodighoda.mfi@gmail.com,www.ghodighoda.com.np
GGBSLP,ghodighoda laghubitta bittiya sanstha ltd,Microfinance,Promoter Share,Inactive,ghodighoda.mfi@gmail.com,www.ghodighoda.com.np
GHL,Ghalemdi Hydro Limited,Hydro Power,Equity,Active,info@ghalemdi.com,www.ghalemdi.com
GIBF1,Global IME Balanced Fund-1,Mutual Fund,Mutual Funds,Active,gimeb1@gicl.com.np,www.globalimecapital.com
GIC,General Insurance Company Nepal Ltd,Non Life Insurance,Equity,Delisted,ram@generalinsurance.com.np,www.gicnepal.com
GICP,General Insurance Company Nepal Ltd,Non Life Insurance,Promoter Share,Inactive,ram@generalinsurance.com.np,www.gicnepal.com
GILB,Global IME Laghubitta Bittiya Sanstha Ltd.,Microfinance,Equity,Active,info@gilb.com.np,http://www.gilb.com.np
GILBPO,Global IME Laghubitta Bittiya Sanstha Ltd.,Microfinance,Promoter Share,Active,info@gilb.com.np,http://www.gilb.com.np
GIMES1,Global IME Samunnat Scheme-1,Commercial Banks,Mutual Funds,Delisted,nlisting@gibl.com.np,http://www.globalimebank.com
GLBSL,Gurans Laghubitta Bittiya Sanstha Limited,Microfinance,Equity,Active,info@glbsl.com.np,www.glbsl.com.np
GLBSLP,Gurans Laghubitta Bittiya Sanstha Ltd,Microfinance,Promoter Share,Inactive,info@glbsl.com.np,www.glbsl.com.np
GLH,GreenLife Hydropower Limited,Hydro Power,Equity,Active,nepalgreenlife@gmail.com,www.greenlifehydropower.com.np
GLICL,Gurans Life Insurance Company Ltd.,Life Insurance,Equity,Delisted,admin@guranslife.com,
GLICLP,Gurans Life Insurance Company Ltd.,Life Insurance,Promoter Share,Inactive,admin@guranslife.com,
GMFBS,Ganapati Laghubitta Bittiya Sanstha Limited,Microfinance,Equity,Active,ganapati.micro@gmail.com,www.ganapatimicro.com.np
GMFBSP,Ganapati Laghubitta Bittiya Sanstha Ltd,Microfinance,Promoter Share,Active,ganapati.micro@gmail.com,www.ganapatimicro.com.np
GMFIL,Guheshowori Merchant Bank & Finance Co. Ltd.,Finance,Equity,Active,compliance@gmbf.com.np,www.gmbf.com.np
GMFILP,Guheswori Merchant Banking & Finance Ltd.,Finance,Promoter Share,Active,compliance@gmbf.com.np,www.gmbf.com.np
GMLI,Guardian Micro Life Insurance Limited,Life Insurance,Equity,Active,info@gmli.co,www.gmli.com.np
GMLIP,GUARDIAN MICRO LIFE INSURANCE LIMITED,Life Insurance,Promoter Share,Active,info@gmli.co,www.gmli.com.np
GRAND,Grand Bank Nepal Limited,Commercial Banks,Equity,Delisted,dcbl@dcbl.com,
GRANDP,Grand Bank Nepal Limited,Commercial Banks,Promoter Share,Inactive,dcbl@dcbl.com,
GRDBL,Green Development Bank Ltd.,Development Banks,Equity,Active,info@greenbank.com.np,http://greenbank.com.np/
GRDBLP,Green Development Bank Ltd.,Development Banks,Promoter Share,Active,info@greenbank.com.np,http://greenbank.com.np/
GRU,Gorakhkali Rubber Udhyog Limited,Manufacturing And Processing,Equity,Suspended,gru@gru.com,
GSDBL,Gaurishankar Development Bank Ltd.,Development Banks,Equity,Delisted,info@gsdbl.com.np,
GSDBLP,Gaurishankar Development Bank Ltd.,Development Banks,Promoter Share,Inactive,info@gsdbl.com.np,
GSY,Garima Samriddhi Yojana,Development Banks,Mutual Funds,Active,info@garimabank.com.np,www.garimabank.com.np
GUFL,Gurkhas Finance Ltd.,Finance,Equity,Active,yan.rai@gurkhasfinance.com.np,www.gurkhasfinance.com.np
GUFLPO,Gurkhas Finance Ltd.,Finance,Promoter Share,Active,yan.rai@gurkhasfinance.com.np,www.gurkhasfinance.com.np
GULMI,Gulmi Bikas Bank Ltd.,Development Banks,Equity,Delisted,info@gulmi.com.np,
GVL,Green Ventures Limited,Hydro Power,Equity,Active,frontdesk@trivenihydro.com,www.greenventuresnepal.com
GWFD83,12 % Goodwill Finance Limited Debenture 2083,Finance,Non-Convertible Debentures,Active,info@goodwill.net.np,https://goodwillfinance.com.np/
H8020,Himalayan 80-20,Commercial Banks,Mutual Funds,Active,legal@himalayanbank.com,https://www.himalayanbank.com
HAMA,Hama Merchant & Finance Ltd.,Finance,Equity,Delisted,info@hamafinance.com.np,
HAMAPO,Hama Merchant & Finance Ltd.,Finance,Promoter Share,Inactive,info@hamafinance.com.np,
HAMRO,Hamro Bikas Bank Ltd.,Development Banks,Equity,Delisted,paras.kandel@hamrobank.com,http://www.hamrobank.com
HAMROP,Hamro Bikas Bank Ltd.,Development Banks,Promoter Share,Inactive,paras.kandel@hamrobank.com,http://www.hamrobank.com
HATH,Hathway Finance Company Limited,Finance,Equity,Delisted,bikram.malla@hathwayfinance.com,
HATHPO,Hathway Finance Company Limited,Finance,Promoter Share,Inactive,bikram.malla@hathwayfinance.com,
HATHY,Hathway Investment Nepal Limited,Investment,Equity,Active,nepal.hathway@gmail.com,https://www.hathwaynepal.com.np/
HBL,Himalayan Bank Limited,Commercial Banks,Equity,Active,legal@himalayanbank.com,https://www.himalayanbank.com
HBLD83,10% Himalayan Bank Debenture 2083,Commercial Banks,Non-Convertible Debentures,Delisted,legal@himalayanbank.com,https://www.himalayanbank.com
HBLD86,"Himalayan Bank Limited Bond, 2086",Commercial Banks,Non-Convertible Debentures,Active,legal@himalayanbank.com,https://www.himalayanbank.com
HBLPO,Himalayan Bank Limited,Commercial Banks,Promoter Share,Active,legal@himalayanbank.com,https://www.himalayanbank.com
HBT,Harisiddhi Brick And Tiles Limited,Manufacturing And Processing,Equity,Suspended,hbt@hbt.com,
HDHPC,Himal Dolakha Hydropower Company Limited,Hydro Power,Equity,Active,hydrohimaldolakha@gmail.com,www.himaldolakhahydro.com
HDL,Himalayan Distillery Limited,Manufacturing And Processing,Equity,Active,info@himalayandistillery.com,https://himalayandistillery.com/
HEI,Himalayan Everest Insurance Limited,Non Life Insurance,Equity,Active,subindra.shrestha@hei.com.np,
HEIP,Himalayan Everest Insurance Limited,Non Life Insurance,Promoter Share,Active,subindra.shrestha@hei.com.np,
HFIN,Hotel Forest Inn Limited,Hotels And Tourism,Equity,Active,legal.hfin@gmail.com,https://hotelforestinn.com.np/
HFL,Himalayan Finance Limited (Bittiya Sanstha),Finance,Equity,Suspended,info@hfl.com.np,
HHL,Himalayan Hydropower Limited,Hydro Power,Equity,Active,himalayanhydro2021@gmail.com,www.hhpl.com.np
HIDCL,Hydorelectricity Investment and Development Company Ltd,Investment,Equity,Active,info@hidcl.org.np,www.hidcl.org.np
HIDCLP,Hydorelectricity Investment and Development Company Ltd,Investment,Promoter Share,Active,info@hidcl.org.np,www.hidcl.org.np
HIMSTAR,Him Star Urja Company Limited,Hydro Power,Equity,Active,urjahimstar@gmail.com,www.urjahimsta.com.np
HLBSL,Himalayan Laghubitta Bittiya Sanstha Limited,Microfinance,Equity,Active,info@himalayanlaghubitta.com,www.himalayanlaghubitta.com
HLBSLP,Himalayan Laghubitta Bittiya Sanstha Limited,Microfinance,Promoter Share,Active,info@himalayanlaghubitta.com,www.himalayanlaghubitta.com
HLI,Himalayan Life Insurance Limited,Life Insurance,Equity,Active,ishwar@himalayanlife.com.np,
HLICF,HLI Large Cap Fund,Life Insurance,Mutual Funds,Active,ishwar@himalayanlife.com.np,
HLIPO,Himalayan Life Insurance Limited,Life Insurance,Promoter Share,Active,ishwar@himalayanlife.com.np,
HPPL,Himalayan Power Partner Ltd.,Hydro Power,Equity,Active,hpphydro.binaya@gmail.com,http://www.hpp.com.np
HRL,Himalayan Reinsurance Limited,Others,Equity,Active,contactus@himalayanre.com,www.himalayanre.com
HRLP,Himalayan Reinsurance Limited,Others,Promoter Share,Active,contactus@himalayanre.com,www.himalayanre.com
HTL,Himgiri Textile Industries Limited,Manufacturing And Processing,Equity,Delisted,htu@htu.com,
HURJA,Himalaya Urja Bikas Company Limited,Hydro Power,Equity,Active,himalayaurja@gmail.com,www.himalurja.com
ICFC,ICFC Finance Limited,Finance,Equity,Active,nepsereport@icfcbank.com,www.icfc.com.np
ICFCD83,12% ICFC Finance Limited Debenture 2083,Finance,Non-Convertible Debentures,Active,nepsereport@icfcbank.com,www.icfc.com.np
ICFCD88,9% ICFC Finance Limited Debenture 2088,Finance,Non-Convertible Debentures,Active,nepsereport@icfcbank.com,www.icfc.com.np
ICFCD89,8% ICFC Finance Limited Debenture 2089,Finance,Non-Convertible Debentures,Active,nepsereport@icfcbank.com,www.icfc.com.np
ICFCPO,ICFC Finance Limited,Finance,Promoter Share,Active,nepsereport@icfcbank.com,www.icfc.com.np
IDBL,Infrastructure Development Bank Ltd.,Development Banks,Equity,Delisted,info@idbank.com.np,
IDBLPO,Infrastructure Development Bank Ltd.,Development Banks,Promoter Share,Inactive,info@idbank.com.np,
IFIL,Imperial Financial Inst. Ltd.,Finance,Equity,Delisted,imperial@imperial.com,
IFILPO,Imperial Financial Inst. Ltd.,Finance,Promoter Share,Inactive,imperial@imperial.com,
IGI,IGI Prudential insurance Limited,Non Life Insurance,Equity,Active,compliance@iginepal.com,http://www.igiprudential.com
IGIPO,IGI Prudential Insurance Limited,Non Life Insurance,Promoter Share,Active,compliance@iginepal.com,http://www.igiprudential.com
IHL,Ingwa Hydropower Limited,Hydro Power,Equity,Active,hydropoweringwa@gmail.com,www.ingwahydropowerltd.com.np
ILBS,Infinity Laghubitta Bittiya Sanstha Limited,Microfinance,Equity,Active,ilbslfinance@gmail.com,www.infinitymbsl.com
ILBSP,Infinity Laghubitta Bittiya Sastha Ltd,Microfinance,Promoter Share,Active,ilbslfinance@gmail.com,www.infinitymbsl.com
ILFC,International Leasing & Finance Co. Ltd.,Finance,Equity,Delisted,info@ilfco.com.np,http://www.ilfco.com.np
ILFCPO,International Leasing & Finance Co. Ltd.,Finance,Promoter Share,Inactive,info@ilfco.com.np,http://www.ilfco.com.np
ILI,IME Life Insurance Company Limited,Life Insurance,Equity,Active,info@imelifeinsurance.com,www.imelifeinsurance.com
ILIP,I.M.E. Life Insurance company Limited,Life Insurance,Promoter Share,Active,info@imelifeinsurance.com,www.imelifeinsurance.com
IMEFI,IME Financial Institution,Finance,Equity,Delisted,avu@avu.com,
IMEFIP,IME Financial Institution,Finance,Promoter Share,Inactive,avu@avu.com,
INDB,Innovative Development Bank Ltd.,Development Banks,Equity,Delisted,info@indb.com,
INDBL,International Development Bank Ltd,Development Banks,Equity,Delisted,info@internationalbank.com.np,
INDBLP,International Development Bank Ltd,Development Banks,Promoter Share,Inactive,info@internationalbank.com.np,
INDBPO,Innovative Development Bank Ltd.,Development Banks,Promoter Share,Inactive,info@indb.com,
JALPA,Jalpa Samudayik Laghubitta Bittiya Sanstha Limited,Microfinance,Equity,Delisted,info@jalpamf.com.np,www.jalpamf.com.np
JALPAP,Jalpa Samudayik Laghubitta Sanstha Limited,Microfinance,Promoter Share,Inactive,info@jalpamf.com.np,www.jalpamf.com.np
JBBD87,Jyoti Bikash Bank Bond 2087,Development Banks,Non-Convertible Debentures,Active,krishna.oasti@jbbl.com.np,
JBBL,Jyoti Bikas Bank Limited,Development Banks,Equity,Active,krishna.oasti@jbbl.com.np,
JBBLPO,Jyoti Bikas Bank Limited,Development Banks,Promoter Share,Active,krishna.oasti@jbbl.com.np,
JBLB,Jeevan Bikas Laghubitta Bittya Sanstha Ltd,Microfinance,Equity,Active,info@jeevanbikasmf.com,www.jeevanbikasmf.com
JBLBP,Jeevan Bikas Laghubitta Bittiya Sanstha Ltd,Microfinance,Promoter Share,Active,info@jeevanbikasmf.com,www.jeevanbikasmf.com
JBNL,Janata Bank Nepal Ltd.,Commercial Banks,Equity,Delisted,bishwa.subedi@janatabank.com.np,http://www.janatabank.com.np
JBNLPO,Janata Bank Nepal Ltd.,Commercial Banks,Promoter Share,Inactive,bishwa.subedi@janatabank.com.np,http://www.janatabank.com.np
JEFL,Jebils Finance Ltd.,Finance,Equity,Delisted,jln@jebils.com,http://www.jebil.com
JEFLPO,Jebils Finance Ltd.,Finance,Promoter Share,Inactive,jln@jebils.com,http://www.jebil.com
JFL,Janaki Finance Company Limited,Finance,Equity,Active,info@jfcjanakpur.com,
JFLPO,Janaki Finance Company Limited,Finance,Promoter Share,Active,info@jfcjanakpur.com,
JHAPA,Jhapa Energy Limited,Others,Equity,Active,solarpower@jhapaenergy.com.np,https://jhapaenergy.com.np/
JHBL,Jhimruk Bikas Bank Ltd.,Development Banks,Equity,Delisted,info@jhimruk.com,
JHBLPO,Jhimruk Bikas Bank Ltd.,Development Banks,Promoter Share,Inactive,info@jhimruk.com,
JLI,Jyoti Life Insurance Company Limited,Life Insurance,Equity,Delisted,info@jyotilife.com,www.jyotilife.com
JLIP,Jyoti Life Insurance Company Limited,Life Insurance,Promoter Share,Inactive,info@jyotilife.com,www.jyotilife.com
JOSHI,Joshi Hydropower Development Company Ltd,Hydro Power,Equity,Active,joshihydropowerdev@gmail.com,https://jhdc.com.np/
JSLBB,Janautthan Samudayic Laghubitta Bittya Sanstha Limited,Microfinance,Equity,Active,info@jucbank.com.np,
JSLBBP,Janautthan Samudayic Laghubitta Bittya Sanstha Limited,Microfinance,Promoter Share,Active,info@jucbank.com.np,
JSM,Jyoti Sinning Mills Limited,Manufacturing And Processing,Equity,Suspended,jsm@jsm.com,
KADBL,Kanchan Development Bank Limited,Development Banks,Equity,Delisted,biruram@kanchanbank.com.np,
KADBLP,Kanchan Development Bank Limited,Development Banks,Promoter Share,Inactive,biruram@kanchanbank.com.np,
KAFIL,Kaski Finance Limited,Finance,Equity,Delisted,kafil@wlink.com.np,http://www.kaskifinance.com.np
KAFILP,Kaski Finance Limited,Finance,Promoter Share,Inactive,kafil@wlink.com.np,http://www.kaskifinance.com.np
KAHL,Kalanga Hydro Limited,Hydro Power,Equity,Active,hydrokalanga@gmail.com,www.kalangahydro.com.np
KBBL,Kailash Bikas Bank Ltd.,Development Banks,Equity,Delisted,subashghimire@kailashbank.com,http://www.kailashbank.com
KBBLPO,Kailash Bikas Bank Ltd.,Development Banks,Promoter Share,Inactive,subashghimire@kailashbank.com,http://www.kailashbank.com
KBL,Kumari Bank Limited,Commercial Banks,Equity,Active,info@kumaribank.com,http://www.kumaribank.com
KBLD86,10.25% KBL Debenture 2086,Commercial Banks,Non-Convertible Debentures,Active,info@kumaribank.com,http://www.kumaribank.com
KBLD89,11% KBL Debenture 2089,Commercial Banks,Non-Convertible Debentures,Active,info@kumaribank.com,http://www.kumaribank.com
KBLD90,10% KBL Debenture 2090,Commercial Banks,Non-Convertible Debentures,Active,info@kumaribank.com,http://www.kumaribank.com
KBLPO,Kumari Bank Limited,Commercial Banks,Promoter Share,Active,info@kumaribank.com,http://www.kumaribank.com
KBSH,Kutheli Bukhari Small Hydropower Limited,Hydro Power,Equity,Active,kuthelihydro@gmail.com,kuthelihydropower.com.np
KCDBL,Kalinchowk Development Bank Ltd.,Development Banks,Equity,Delisted,info@kdevbank.com,
KCDBLP,Kalinchowk Development Bank Ltd.,Development Banks,Promoter Share,Inactive,info@kdevbank.com,
KDBL,Kasthamandap Development Bank Limited,Development Banks,Equity,Delisted,kdbl@kdbl.com.np,http://www.kdbl.com.np
KDBLPO,Kasthamandap Development Bank Limited,Development Banks,Promoter Share,Inactive,kdbl@kdbl.com.np,http://www.kdbl.com.np
KDBY,Kumari Dhanabriddhi Yojana,Commercial Banks,Mutual Funds,Active,info@kumaribank.com,http://www.kumaribank.com
KDL,Kalinchowk Darshan Limited,Hotels And Tourism,Equity,Active,darshankalinchowk@gmail.com,www.kalinchowkdarshan.com.np
KDLP,KALINCHOWK DARSHAN LIMITED,Hotels And Tourism,Promoter Share,Inactive,darshankalinchowk@gmail.com,www.kalinchowkdarshan.com.np
KEBL,Kabeli Bikas Bank Limited,Development Banks,Equity,Delisted,kumar.khadka@kabelibank.com,
KEBLPO,Kabeli Bikas Bank Limited,Development Banks,Promoter Share,Inactive,kumar.khadka@kabelibank.com,
KEF,Kumari Equity Fund,Commercial Banks,Mutual Funds,Active,info@kumaribank.com,http://www.kumaribank.com
KHDBL,Khandbari Development Bank Ltd,Development Banks,Equity,Delisted,info@khdbl.com,
KHPL,Kalinchock Hydropower Limited,Hydro Power,Equity,Active,kalinchwokhydro@gmail.com,http://khpl.com.np
KISTPO,Prabhu Bank Limited,Commercial Banks,Promoter Share,Inactive,amit.bhandari@prabhubank.com,
KKBL,Kakre Bihar Bikash Bank Ltd,Development Banks,Equity,Delisted,info@kbbl.com,
KKBLPO,Kakre Bihar Bikash Bank Ltd,Development Banks,Promoter Share,Inactive,info@kbbl.com,
KKHC,Khanikhola Hydropower Co. Ltd.,Hydro Power,Equity,Active,khanikhola.hpc@gmail.com,www.kkhcl.com.np
KLBS,Khaptad Laghubitta Bittiya Sanstha Limited,Microfinance,Equity,Delisted,info@khaptadmfi.com.np,www.khaptadmfi.com.np
KLBSP,Khaptad Laghubitta Bittiya Sanstha Ltd,Microfinance,Promoter Share,Inactive,info@khaptadmfi.com.np,www.khaptadmfi.com.np
KMCDB,Kalika Laghubitta Bittiya Sanstha Ltd,Microfinance,Equity,Active,info@kalikabank.com.np,www.kalikabank.com.np
KMCDBP,Kalika Laghubitta Bittiya Sanstha Ltd,Microfinance,Promoter Share,Active,info@kalikabank.com.np,www.kalikabank.com.np
KNBL,Kankai Bikas Bank Ltd.,Development Banks,Equity,Delisted,kbbl@kankaibank.com.np,
KNBLPO,Kankai Bikas Bank Ltd.,Development Banks,Promoter Share,Inactive,kbbl@kankaibank.com.np,
KPCL,Kalika power Company Ltd,Hydro Power,Equity,Active,daraudikalikahydro@gmail.com,www.kalikapower.com.np
KRBL,Karnali Development Bank Limited,Development Banks,Equity,Suspended,info@kdblnepal.com,www.kdblnepal.com
KRBLPO,Karnali Development Bank Limited,Development Banks,Promoter Share,Inactive,info@kdblnepal.com,www.kdblnepal.com
KSBBL,Kamana Sewa Bikas Bank Limited,Development Banks,Equity,Active,pranay.tuladhar@kamanasewabank.com,https://www.kamanasewabank.com/
KSBBLD87,9% Kamana Sewa Bikas Bank Limited Debenture 2087,Development Banks,Non-Convertible Debentures,Active,pranay.tuladhar@kamanasewabank.com,https://www.kamanasewabank.com/
KSBBLP,Kamana Sewa Bikas Bank Limited,Development Banks,Promoter Share,Active,pranay.tuladhar@kamanasewabank.com,https://www.kamanasewabank.com/
KSBBLPNP,KSBBL 9% Perpetual Non Cumulative Preference Share,Development Banks,Preference Shares,Active,pranay.tuladhar@kamanasewabank.com,https://www.kamanasewabank.com/
KSY,Kumari Sabal Yojana,Commercial Banks,Mutual Funds,Active,info@kumaribank.com,http://www.kumaribank.com
LBBL,Lumbini Bikas Bank Ltd.,Development Banks,Equity,Active,info@lumbinibikasbank.com,www.lumbinibikasbank.com
LBBLD89,11% L.B.B.L. Debenture 2089,Development Banks,Non-Convertible Debentures,Active,info@lumbinibikasbank.com,www.lumbinibikasbank.com
LBBLPO,Lumbini Bikas Bank Ltd.,Development Banks,Promoter Share,Active,info@lumbinibikasbank.com,www.lumbinibikasbank.com
LBFIL,Lord Buddha Finance Limited,Finance,Equity,Delisted,info@loardbuddhafinance.com.np,
LBLD86,10% Laxmi Bank Debenture 2086,Commercial Banks,Non-Convertible Debentures,Active,piyush.aryal@laxmisunrise.com,www.laxmisunrise.com
LBLD88,8.5% Laxmi Bank Debenture 2088,Commercial Banks,Non-Convertible Debentures,Active,piyush.aryal@laxmisunrise.com,www.laxmisunrise.com
LEC,Liberty Energy Company Limited,Hydro Power,Equity,Active,liberty@libertyenergy.com.np,www.libertyenergy.com.np
LEMF,Laxmi Equity Fund,Commercial Banks,Mutual Funds,Delisted,piyush.aryal@laxmisunrise.com,www.laxmisunrise.com
LFC,Lalitpur Finance Ltd.,Finance,Equity,Delisted,lfc@lfc.com,
LFCPO,Lalitpur Finance Ltd.,Finance,Promoter Share,Inactive,lfc@lfc.com,
LFLC,Lumbini Finance Ltd.,Finance,Equity,Delisted,lufil@mos.com.np,http://www.lumbinifinance.com.np
LFLCPO,Lumbini Finance Ltd.,Finance,Promoter Share,Inactive,lufil@mos.com.np,http://www.lumbinifinance.com.np
LGIL,Lumbini General Insurance Co. Ltd.,Non Life Insurance,Equity,Delisted,devendra@lgic.com.np,
LGILPO,Lumbini General Insurance Co. Ltd.,Non Life Insurance,Promoter Share,Inactive,devendra@lgic.com.np,
LICN,Life Insurance Corporation (Nepal) Limited,Life Insurance,Equity,Active,cs@licnepal.com.np,http://www.licnepal.com.np
LICNPO,Life Insurance Corporation (Nepal) Limited,Life Insurance,Promoter Share,Active,cs@licnepal.com.np,http://www.licnepal.com.np
LLBS,Laxmi Laghubitta Bittiya Sanstha Ltd.,Microfinance,Equity,Active,company.secretary@laxmilaghu.com.np,https://laxmilaghu.com.np/
LLBSPO,Laxmi Laghubitta Bittiya Sanstha Ltd.,Microfinance,Promoter Share,Active,company.secretary@laxmilaghu.com.np,https://laxmilaghu.com.np/
LSH12,LS Horizon 12,Commercial Banks,Mutual Funds,Active,piyush.aryal@laxmisunrise.com,www.laxmisunrise.com
LSL,Laxmi Sunrise Bank Limited,Commercial Banks,Equity,Active,piyush.aryal@laxmisunrise.com,www.laxmisunrise.com
LSLPO,Laxmi Sunrise Bank Limited,Commercial Banks,Promoter Share,Active,piyush.aryal@laxmisunrise.com,www.laxmisunrise.com
LUBL,Lumbini Bank Limited,Commercial Banks,Equity,Delisted,info@lumbinibank.com.np,
LUBLPO,Lumbini Bank Limited,Commercial Banks,Promoter Share,Inactive,info@lumbinibank.com.np,
LUK,Laxmi Unnati Kosh,Mutual Fund,Mutual Funds,Active,info@laxmicapital.com.np,www.laxmicapital.com.np
LVF1,Laxmi Value Fund-1,Commercial Banks,Mutual Funds,Delisted,piyush.aryal@laxmisunrise.com,www.laxmisunrise.com
LVF2,Laxmi Value Fund 2,Commercial Banks,Mutual Funds,Active,piyush.aryal@laxmisunrise.com,www.laxmisunrise.com
MABEL,Mabilung Energy Limited,Hydro Power,Equity,Active,mabilung@gmail.com,www.mabilung.com
MAKAR,Makar Jitumaya Suri Hydropower Limited,Hydro Power,Equity,Active,mjs.hydropower2065@gmail.com,www.mjshydropower.com.np
MANDU,Mandu Hydropower Limited,Hydro Power,Equity,Active,info@manduhydropower.com,www.manduhydropower.com
MATRI,Matribhumi Lagubitta Bittiya Sanstha Limited,Microfinance,Equity,Active,bakhat2034@gmail.com,https://matribhumimf.com.np/
MATRIP,Matribhumi Lagubitta Bittiya Sanstha Limited,Microfinance,Promoter Share,Active,bakhat2034@gmail.com,https://matribhumimf.com.np/
MBBL,Mahakali Bikas Bank Limited,Development Banks,Equity,Delisted,info@mahakali.com.np,
MBBLPO,Mahakali Bikas Bank Limited,Development Banks,Promoter Share,Inactive,info@mahakali.com.np,
MBJC,Madhya Bhotekoshi Jalavidyut Company Limited,Hydro Power,Equity,Active,admin@mbjcl.com.np,www.mbjcl.com.np
MBL,Machhapuchhre Bank Limited,Commercial Banks,Equity,Active,machbank@mbl.com.np,http://www.machbank.com
MBLD2085,10.25% Machhapuchhre Bank Debenture 2085,Commercial Banks,Non-Convertible Debentures,Active,machbank@mbl.com.np,http://www.machbank.com
MBLD87,8.5% Machhapuchchhre Debenture 2087,Commercial Banks,Non-Convertible Debentures,Active,machbank@mbl.com.np,http://www.machbank.com
MBLEF,MBL Equity Fund,Commercial Banks,Mutual Funds,Active,machbank@mbl.com.np,http://www.machbank.com
MBLPNP,8.25% Machhapuchchhre Perpetual Non Cumulative Preference Share,Commercial Banks,Preference Shares,Active,machbank@mbl.com.np,http://www.machbank.com
MBLPO,Machhapuchhre Bank Limited,Commercial Banks,Promoter Share,Active,machbank@mbl.com.np,http://www.machbank.com
MCHL,Menchhiyam Hydropower Limited,Hydro Power,Equity,Active,menchhiyam@gmail.com,www.menchhiyamhydropower.com
MDB,Miteri Development Bank Limited,Development Banks,Equity,Active,info@miteribank.com.np,http://www.miteribank.com.np
MDBLPO,Mahalaxmi Bikas Bank Ltd.,Development Banks,Promoter Share,Active,listing@mahalaxmi.com.np,http://www.mahalaxmibank.com
MDBPO,Miteri Development Bank Limited,Development Banks,Promoter Share,Active,info@miteribank.com.np,http://www.miteribank.com.np
MEGA,Mega Bank Nepal Ltd.,Commercial Banks,Equity,Delisted,nepse@megabank.com.np,
MEGAPO,Mega Bank Nepal Ltd.,Commercial Banks,Promoter Share,Inactive,nepse@megabank.com.np,
MEHL,Manakamana Engineering Hydropower Limited,Hydro Power,Equity,Active,hydromanakamana@gmail.com,www.hydromanakamana.com.np
MEL,Modi Energy Limited,Hydro Power,Equity,Active,info@modihydro.com,www.modihydro.com
MEN,Mountain Energy Nepal Limited,Hydro Power,Equity,Active,rajendra.sharma@mountainenergy.com.np,www.mountainenergy.com.np
MEPDL,Mount Everest Power Development Limited,Hydro Power,Equity,Active,mounteverestpower@gmail.com,www.mounteveresthydro.com
MERO,Mero Microfinance Bittiya Sanstha Ltd.,Microfinance,Equity,Active,meromicrofinance@gmail.com,www.meromicrofinance.com
MEROPO,Meromicrofinance Laghubitta Bittiya Sanstha Ltd.,Microfinance,Promoter Share,Active,meromicrofinance@gmail.com,www.meromicrofinance.com
METRO,Metro Development Bank Limited,Development Banks,Equity,Delisted,info@metrodevbank.com.np,
MFIL,Manjushree Finance Ltd.,Finance,Equity,Active,info@manjushreefinance.com.np,manjushreefinance.com.np
MFILPO,Manjushree Finance Ltd.,Finance,Promoter Share,Active,info@manjushreefinance.com.np,manjushreefinance.com.np
MFL,Maha Laxmi Finance Ltd.,Finance,Equity,Delisted,info@mahalaxmi.com.np,
MFLD85,9.5% Manjushree Finance Limited Debenture 2085,Finance,Non-Convertible Debentures,Active,info@manjushreefinance.com.np,manjushreefinance.com.np
MFLPO,Maha Laxmi Finance Ltd.,Finance,Promoter Share,Inactive,info@mahalaxmi.com.np,
MGBL,Madhyamanchal Gramin Development Bank Ltd.,Development Banks,Equity,Delisted,info@mgbl.com.np,
MHCL,Molung Hydropower Company Limited,Hydro Power,Equity,Active,molung.office@gmail.com,www.molunghydropwer.com.np
MHL,Mandakini Hydropower Limited,Hydro Power,Equity,Active,mandakini.hydropower@gmail.com,www.mandakinihydro.com.np
MHNL,Mountain Hydro Nepal Limited,Hydro Power,Equity,Active,mountainhydronepal@gmail.com,www.mountainhydronepal.com.np
MIDBL,Mission Development Bank Ltd.,Development Banks,Equity,Delisted,bishnuzi@missionbanknepal.com.np,
MIDBLP,Mission Development Bank Ltd.,Development Banks,Promoter Share,Inactive,bishnuzi@missionbanknepal.com.np,
MKCL,Muktinath Krishi Company Limited,Others,Equity,Active,info@muktinathkrishi.com,www.muktinathkrishi.com
MKHC,Maya Khola Hydropower Company Limited,Hydro Power,Equity,Active,dpshresths@gmail.com,www.mkhpcl.com.np
MKHL,Mai Khola Hydropower Limited,Hydro Power,Equity,Active,maikholahydro@gmail.com,https://maikholahydropower.com.np
MKJC,Mailung Khola Jal Vidhyut Company Limited,Hydro Power,Equity,Active,mailung.mkjc@gmail.com,www.mailunhkhola.com.np
MKLB,Manakamana Smart Laghubitta Bittiya Sanstha Limited,Microfinance,Equity,Delisted,manakamanalbs@gmail.com,www.manakamanalbs.com
MKLBP,Manakamana Smart Laghubitta Bittiya Sanstha Limited,Microfinance,Promoter Share,Inactive,manakamanalbs@gmail.com,www.manakamanalbs.com
MLBBL,Mithila LaghuBitta Bittiya Sanstha Limited,Microfinance,Equity,Active,mlboperationdepart@gmail.com,http://www.mldbank.com.np
MLBBLP,Mithila LaghuBitta Bittiya Sanstha Limited,Microfinance,Promoter Share,Active,mlboperationdepart@gmail.com,http://www.mldbank.com.np
MLBL,Mahalaxmi Bikas Bank Ltd.,Development Banks,Equity,Active,listing@mahalaxmi.com.np,http://www.mahalaxmibank.com
MLBL1,Mahalaxmi BikasBank Limited,Development Banks,Equity,Delisted,malika@nepse.com,
MLBLD89,11% Mahalaxmi Debenture 2089,Development Banks,Non-Convertible Debentures,Active,listing@mahalaxmi.com.np,http://www.mahalaxmibank.com
MLBLPO,Mahalaxmi Bikas Bank Ltd.,Development Banks,Promoter Share,Active,listing@mahalaxmi.com.np,http://www.mahalaxmibank.com
MLBS,Manushi Laghubitta Bittiya Sanstha Limited,Microfinance,Equity,Active,info@manushilbs.com.np,https://www.manushilbs.com
MLBSL,Mahila Lagubitta Bittiya Sanstha Limited,Microfinance,Equity,Active,mlbsl.nepal@gmail.com,www.mlbsl.com.np
MLBSLP,Mahila Laghubitta Bittiya Sanstha Ltd,Microfinance,Promoter Share,Active,mlbsl.nepal@gmail.com,www.mlbsl.com.np
MLBSP,Manushi Laghubitta Bittiya Sanstha Limited,Microfinance,Promoter Share,Active,info@manushilbs.com.np,https://www.manushilbs.com
MMDBL,Mount Makalu Development Bank Ltd.,Development Banks,Equity,Delisted,info@mmdbank.com,
MMDBLP,Mount Makalu Development Bank Ltd.,Development Banks,Promoter Share,Inactive,info@mmdbank.com,
MMF1,Mega Mutual Fund -1,Commercial Banks,Mutual Funds,Active,nepse@megabank.com.np,
MMFDB,Mirmire Laghubitta Bittya Sanstha Limited,Microfinance,Equity,Delisted,info@mirmirebank.com.np,http://www.mirmirebank.com.np
MMFDBP,Mirmire Laghubitta Bittya Sanstha Limited,Microfinance,Promoter Share,Inactive,info@mirmirebank.com.np,http://www.mirmirebank.com.np
MMKJL,Mathillo Mailun Khola Jalvidhyut Limited,Hydro Power,Equity,Active,mailung@sanimahydro.com,sanimamailung.com
MNBBL,Muktinath Bikas Bank Ltd.,Development Banks,Equity,Active,info@muktinathbank.com.np,
MNBBLP,Muktinath Bikas Bank Ltd.,Development Banks,Promoter Share,Active,info@muktinathbank.com.np,
MND84/85,Muktinath Debenture 2084/85,Development Banks,Non-Convertible Debentures,Active,info@muktinathbank.com.np,
MNMF1,Muktinath Mutual Fund 1,Development Banks,Mutual Funds,Active,info@muktinathbank.com.np,
MPFL,Multipurpose Finance Company Limited,Finance,Equity,Active,mfclfin43@gmail.com,
MPFLPO,Multipurpose Finance Company Limited,Finance,Promoter Share,Active,mfclfin43@gmail.com,
MSBBL,Manaslu Bikas Bank Ltd.,Development Banks,Equity,Delisted,info@manaslu.com,
MSBBLP,Manaslu Bikas Bank Ltd.,Development Banks,Promoter Share,Inactive,info@manaslu.com,
MSHL,Mid Solu Hydropower Limited,Hydro Power,Equity,Active,midsolu.hydropower@gmail.com,https://midsoluhydropower.com.np/
MSLB,Mahuli Laghubitta Bittiya Sanstha Limited,Microfinance,Equity,Active,saroj.singh@mslbsl.com.np,mslbsl.com.np
MSLBP,Mahuli Laghubitta Bittiya Sanstha Limited,Microfinance,Promoter Share,Active,saroj.singh@mslbsl.com.np,mslbsl.com.np
MSM,Morang Sugar Mills Limited,Manufacturing And Processing,Equity,Delisted,msm@msm.com,
MSMBS,Mahila Sahayatra Microfinance Bittiya Sanstha Ltd.,Microfinance,Equity,Delisted,mahilasahayatra@gmail.com,
MSMBSP,Mahila Sahayatra Microfinance Bittiya Sanstha Ltd.,Microfinance,Promoter Share,Inactive,mahilasahayatra@gmail.com,
MTBL,Matribhumi Development Bank Ltd.,Development Banks,Equity,Delisted,binodrajthapa@yahoo.com,
NABB,Nepal Aawas Finance Limited,Finance,Equity,Delisted,nabb@nabb.com,
NABBC,Narayani Development Bank Limited,Development Banks,Equity,Active,info@ndbl.com.np,www.ndbl.com.np
NABBCP,Narayani Development Bank Limited,Development Banks,Promoter Share,Active,info@ndbl.com.np,www.ndbl.com.np
NABBPO,Nepal Aawas Finance Limited,Finance,Promoter Share,Inactive,nabb@nabb.com,
NABIL,Nabil Bank Limited,Commercial Banks,Equity,Active,company.affairs@nabilbank.com,www.nabilbank.com
NABILD2089,7% Nabil Debenture 2089,Commercial Banks,Non-Convertible Debentures,Active,company.affairs@nabilbank.com,www.nabilbank.com
NABILD87,9% Nabil Debenture 2087,Commercial Banks,Non-Convertible Debentures,Active,company.affairs@nabilbank.com,www.nabilbank.com
NABILP,Nabil Bank Limited,Commercial Banks,Promoter Share,Active,company.affairs@nabilbank.com,www.nabilbank.com
NABILPNP,Nabil 8% Perpetual Non Cumulative Preference Share,Commercial Banks,Preference Shares,Active,company.affairs@nabilbank.com,www.nabilbank.com
NADEP,Nadep Laghubittiya bittya Sanstha Ltd.,Microfinance,Equity,Active,nadeplaghubitta@gmail.com,
NADEPP,Nadep Laghubittiya bittya Sanstha Ltd.,Microfinance,Promoter Share,Active,nadeplaghubitta@gmail.com,
NAGRO,Nepal Agro Laghubitta Bittiya Sanstha Limited,Microfinance,Equity,Delisted,operation@nepalagro.com.np,www.nepalagro.com.np
NAGROP,Nepal Agro Laghubitta Bittiya Sanstha Ltd.,Microfinance,Promoter Share,Inactive,operation@nepalagro.com.np,www.nepalagro.com.np
NBB,Nepal Bangladesh Bank Limited,Commercial Banks,Equity,Delisted,bishwapoudel@nbbl.com.np,
NBBD2085,10.25% NBBL Debenture 2085,Commercial Banks,Non-Convertible Debentures,Active,bishwapoudel@nbbl.com.np,
NBBL,NagBeli LaghuBitta Bikas Bank Ltd.,Microfinance,Equity,Delisted,nagbeli.nagbeli@gmail.com,
NBBLPO,NagBeli LaghuBitta Bikas Bank Ltd.,Microfinance,Promoter Share,Inactive,nagbeli.nagbeli@gmail.com,
NBBPO,Nepal Bangladesh Bank Limited,Commercial Banks,Promoter Share,Inactive,bishwapoudel@nbbl.com.np,
NBBU,Nepal Bitumin And Barrel Udhyog Limited,Manufacturing And Processing,Equity,Suspended,nbbu@nbbu.com,
NBCK,Nepal Byapar Bikash Company(Koshi) Limited,Tradings,Equity,Delisted,nbck@nbck.com,
NBF1,Nabil Balance Fund 1,Commercial Banks,Mutual Funds,Delisted,company.affairs@nabilbank.com,www.nabilbank.com
NBF2,NABIL BALANCED FUND-2,Commercial Banks,Mutual Funds,Active,company.affairs@nabilbank.com,www.nabilbank.com
NBF3,Nabil Balanced Fund-3,Commercial Banks,Mutual Funds,Active,company.affairs@nabilbank.com,www.nabilbank.com
NBFL,Nepal Bangladesh Finance & Leasing Co. Ltd.,Finance,Equity,Delisted,abc@abc.com,
NBL,Nepal Bank Limited,Commercial Banks,Equity,Active,nbl.bodoffice@nepalbank.com.np,www.nepalbank.com.np
NBLD82,10% Nabil Debenture 2082,Commercial Banks,Non-Convertible Debentures,Active,company.affairs@nabilbank.com,www.nabilbank.com
NBLD85,Nabil Debenture 2085,Commercial Banks,Non-Convertible Debentures,Active,company.affairs@nabilbank.com,www.nabilbank.com
NBLD87,8.5% Nepal Bank Debenture 2087,Commercial Banks,Non-Convertible Debentures,Active,nbl.bodoffice@nepalbank.com.np,www.nepalbank.com.np
NBLP,Nepal Bank Limited,Commercial Banks,Promoter Share,Active,nbl.bodoffice@nepalbank.com.np,www.nepalbank.com.np
NBSL,Namaste Bittiya Sanstha Ltd.,Finance,Equity,Delisted,info@nbsl.com.np,
NBSLPO,Namaste Bittiya Sanstha Ltd.,Finance,Promoter Share,Inactive,info@nbsl.com.np,
NCCB,Nepal Credit And Commercial Bank Limited,Commercial Banks,Equity,Delisted,corporate@nccbank.com.np,http://www.nccbank.com.np
NCCBPO,Nepal Credit And Commercial Bank Limited,Commercial Banks,Promoter Share,Inactive,corporate@nccbank.com.np,http://www.nccbank.com.np
NCCD86,9.5% NCC Debenture 2086,Commercial Banks,Non-Convertible Debentures,Active,corporate@nccbank.com.np,http://www.nccbank.com.np
NCDB,Nepal Community Development Bank Ltd.,Development Banks,Equity,Delisted,bhakta.khadka@ncdbank.com,http://www.ncdbank.com
NCDBL,Nepal Consumer Development Bank Ltd.,Development Banks,Equity,Delisted,info@cndbl.com.np,
NCDBPO,Nepal Community Development Bank Ltd.,Development Banks,Promoter Share,Inactive,bhakta.khadka@ncdbank.com,http://www.ncdbank.com
NCM,NIDC Capital Markets Ltd.,Finance,Equity,Delisted,info@ncml.com.np,http://www.ncml.com.np
NCMMF,NCM Mutual Fund,Finance,Mutual Funds,Delisted,info@ncml.com.np,http://www.ncml.com.np
NCMPO,NIDC Capital Markets Ltd.,Finance,Promoter Share,Inactive,info@ncml.com.np,http://www.ncml.com.np
NDB,Nepal Development Bank Limited,Development Banks,Equity,Delisted,ndb@ndb.com,
NDBPO,Nepal Development Bank Limited,Development Banks,Promoter Share,Inactive,ndb@ndb.com,
NDFL,Nava Durga Finance Co. Ltd.,Finance,Equity,Delisted,abc@abc.com,
NEF,Nabil Equity Fund,Commercial Banks,Mutual Funds,Delisted,company.affairs@nabilbank.com,www.nabilbank.com
NEFL,Nepal Express Finance Ltd.,Finance,Equity,Delisted,nepalxfinance@wlink.com.np,http://www.nepalexfinance.com
NEFLPO,Nepal Express Finance Ltd.,Finance,Promoter Share,Inactive,nepalxfinance@wlink.com.np,http://www.nepalexfinance.com
NESDO,NESDO Sambridha Laghubitta Bittiya Sanstha Limited,Microfinance,Equity,Active,nesdosmfi@gmail.com,https://slbs.nesdonepal.org
NESDOP,NESDO Sambridha Laghubitta Bittiya Sanstha Limited,Microfinance,Promoter Share,Active,nesdosmfi@gmail.com,https://slbs.nesdonepal.org
NFD,Nepal Film Development Company Limited,Others,Equity,Suspended,nfd@nfd.com,
NFL,Narayani Finance Ltd.,Finance,Equity,Delisted,nfl@nfl.com,
NFS,Nepal Finance Ltd.,Finance,Equity,Active,info@nepalfinance.com.np,www.nepalfinancelimited.com.np
NFSPO,Nepal Finance Ltd.,Finance,Promoter Share,Active,info@nepalfinance.com.np,www.nepalfinancelimited.com.np
NGBL,Nilgiri Bikas Bank Limited,Development Banks,Equity,Delisted,info@mgbl.com.np,
NGPL,Ngadi Group Power Ltd.,Hydro Power,Equity,Active,nyadigroup06@gmail.com,ngpl.com.npl
NHDL,Nepal Hydro Developers Ltd.,Hydro Power,Equity,Active,info@charnawathihydro.com,www.charnawatihydro.com
NHMF,Nepal Housing & Merchant Finance Ltd.,Finance,Equity,Delisted,nhmf@nhmf.com,
NHMFPO,Nepal Housing & Merchant Finance Ltd.,Finance,Promoter Share,Inactive,nhmf@nhmf.com,
NHPC,National Hydro Power Company Limited,Hydro Power,Equity,Active,info@nhpcl.com,
NIBD2082,10.5 % NEPAL INVESTMENT DEBENTURE 2082,Commercial Banks,Non-Convertible Debentures,Delisted,info@nimb.com.np,http://www.nimb.com.np
NIBD84,8.5% Nepal Investment Bank Debenture 2084,Commercial Banks,Non-Convertible Debentures,Active,info@nimb.com.np,http://www.nimb.com.np
NIBLGF,NIBL Growth Fund,Mutual Fund,Mutual Funds,Active,info@niblcapital.com,www.niblcapital.com
NIBLPF,NIBL Pragati Fund,Commercial Banks,Mutual Funds,Delisted,info@nimb.com.np,http://www.nimb.com.np
NIBLSTF,NIBL Stable Fund,Commercial Banks,Mutual Funds,Active,info@nimb.com.np,http://www.nimb.com.np
NIBSF1,NIBL Samriddhi Fund 1,Commercial Banks,Mutual Funds,Delisted,info@nimb.com.np,http://www.nimb.com.np
NIBSF2,NIBL Samriddhi Fund -2,Commercial Banks,Mutual Funds,Active,info@nimb.com.np,http://www.nimb.com.np
NICA,NIC Asia Bank Ltd.,Commercial Banks,Equity,Active,nica.nots@nicasiabank.com,www.nicasiabank.com
NICAD2091,7% NIC ASIA Debenture 2091,Commercial Banks,Non-Convertible Debentures,Active,nica.nots@nicasiabank.com,www.nicasiabank.com
NICAD8182,9% NIC Asia Debenture 2081/82,Commercial Banks,Non-Convertible Debentures,Delisted,nica.nots@nicasiabank.com,www.nicasiabank.com
NICAD8283,11% NIC Asia Debenture 082/83,Commercial Banks,Non-Convertible Debentures,Delisted,nica.nots@nicasiabank.com,www.nicasiabank.com
NICAD85/86,10% NIC Asia Debenture 2085/86,Commercial Banks,Non-Convertible Debentures,Active,nica.nots@nicasiabank.com,www.nicasiabank.com
NICAP,NIC Asia Bank Ltd.,Commercial Banks,Promoter Share,Active,nica.nots@nicasiabank.com,www.nicasiabank.com
NICBF,NIC Asia Balanced Fund,Mutual Fund,Mutual Funds,Active,info@nicasiacapital.com,www.nicasiacapital.com
NICD83/84,10.25% NIC Asia Debenture 2083/84,Commercial Banks,Non-Convertible Debentures,Delisted,nica.nots@nicasiabank.com,www.nicasiabank.com
NICD88,NIC ASIA Rinpatra 2088,Commercial Banks,Non-Convertible Debentures,Active,nica.nots@nicasiabank.com,www.nicasiabank.com
NICFC,NIC Asia Flexi CAP Fund,Commercial Banks,Mutual Funds,Active,nica.nots@nicasiabank.com,www.nicasiabank.com
NICGF,NIC Asia Growth Fund,Commercial Banks,Mutual Funds,Delisted,nica.nots@nicasiabank.com,www.nicasiabank.com
NICGF2,NIC ASIA Growth Fund-2,Commercial Banks,Mutual Funds,Active,nica.nots@nicasiabank.com,www.nicasiabank.com
NICL,Nepal Insurance Co. Ltd.,Non Life Insurance,Equity,Active,nic@nepalinsurance.com.np,www.nepalinsurance.com.np
NICLBSL,NIC ASIA Laghubitta Bittiya Sanstha Limited,Microfinance,Equity,Active,deepit.shrestha@nicasialaghubitta.com,www.nicasialaghubitta.com
NICLBSLP,NIC ASIA Laghubitta Bittiya Sanstha Limited,Microfinance,Promoter Share,Active,deepit.shrestha@nicasialaghubitta.com,www.nicasialaghubitta.com
NICLPO,Nepal Insurance Co. Ltd.,Non Life Insurance,Promoter Share,Active,nic@nepalinsurance.com.np,www.nepalinsurance.com.np
NICSF,NIC Asia Select Fund 30,Mutual Fund,Mutual Funds,Active,info@nicasiacapital.com,www.nicasiacapital.com
NIDC,NIDC Development Bank Ltd.,Development Banks,Equity,Delisted,nidc@nidc.org.np,http://www.nidc.org.np
NIDCPO,NIDC Development Bank Ltd.,Development Banks,Promoter Share,Inactive,nidc@nidc.org.np,http://www.nidc.org.np
NIFRA,Nepal Infrastructure Bank Limited,Investment,Equity,Active,jeeva.sapkota@nifrabank.com,https://www.nifrabank.com
NIFRAGED,Nifra Green Energy Debenture 6% - 2088/89,Investment,Non-Convertible Debentures,Active,jeeva.sapkota@nifrabank.com,https://www.nifrabank.com
NIFRAP,Nepal Infrastructure Bank Limited,Investment,Promoter Share,Active,jeeva.sapkota@nifrabank.com,https://www.nifrabank.com
NIFRAUR85/86,NIFRA Uraj Rinpatra7%-2085/86,Investment,Non-Convertible Debentures,Active,jeeva.sapkota@nifrabank.com,https://www.nifrabank.com
NIL,Neco Insurance Limited,Non Life Insurance,Equity,Active,info@neco.com.np,http://www.neco.com.np
NILPO,Neco Insurance Limited,Non Life Insurance,Promoter Share,Active,info@neco.com.np,http://www.neco.com.np
NIMB,Nepal Investment Mega Bank Limited,Commercial Banks,Equity,Active,info@nimb.com.np,http://www.nimb.com.np
NIMBD90,10% NIMB Debenture 2090,Commercial Banks,Non-Convertible Debentures,Active,info@nimb.com.np,http://www.nimb.com.np
NIMBPO,Nepal Investment Mega Bank Limited,Commercial Banks,Promoter Share,Active,info@nimb.com.np,http://www.nimb.com.np
NKU,Nepal Khadya Udhyog Limited,Manufacturing And Processing,Equity,Suspended,nku@nku.com,
NLG,NLG Insurance Company Ltd.,Non Life Insurance,Equity,Active,manoj.shrestha@nlgi.com.np,
NLGPO,NLG Insurance Company Ltd.,Non Life Insurance,Promoter Share,Active,manoj.shrestha@nlgi.com.np,
NLIC,Nepal Life Insurance Co. Ltd.,Life Insurance,Equity,Active,info@nepallife.com.np,www.nepallife.com.np
NLICL,National Life Insurance Co. Ltd.,Life Insurance,Equity,Active,info@nationallife.com.np,www.nationallife.com.np
NLICLP,National Life Insurance Co. Ltd.,Life Insurance,Promoter Share,Active,info@nationallife.com.np,www.nationallife.com.np
NLICP,NEPAL LIFE INSURANCE COMPANY LIMITED,Life Insurance,Promoter Share,Active,info@nepallife.com.np,www.nepallife.com.np
NLO,Nepal Lube Oil Limited,Manufacturing And Processing,Equity,Active,subash.acharya@nepallubeoil.com,www.nepallubeoil.com
NMB,NMB Bank Limited,Commercial Banks,Equity,Active,pramod.dahal@nmb.com.np,http://www.nmb.com.np
NMB50,NMB 50,Mutual Fund,Mutual Funds,Delisted,mutualfunds@nmbcl.com.np,www.nmbcl.com.np
NMBD2085,10 % NMB DEBENTURE 2085,Commercial Banks,Non-Convertible Debentures,Active,pramod.dahal@nmb.com.np,http://www.nmb.com.np
NMBD87/88,NMB Debenture 8.50% - 2087/88,Commercial Banks,Non-Convertible Debentures,Active,pramod.dahal@nmb.com.np,http://www.nmb.com.np
NMBD89/90,NMB Debenture 10.75%-2089/90,Commercial Banks,Non-Convertible Debentures,Active,pramod.dahal@nmb.com.np,http://www.nmb.com.np
NMBEB92/93,NMB Energy Bond 4% - 2092/93,Commercial Banks,Non-Convertible Debentures,Active,pramod.dahal@nmb.com.np,http://www.nmb.com.np
NMBHF1,NMB Hybrid Fund L-1,Commercial Banks,Mutual Funds,Delisted,pramod.dahal@nmb.com.np,http://www.nmb.com.np
NMBHF2,NMB Hybrid Fund L- II,Commercial Banks,Mutual Funds,Active,pramod.dahal@nmb.com.np,http://www.nmb.com.np
NMBMF,NMB Microfinance Bittiya Sanstha Ltd.,Microfinance,Equity,Active,surya.thapa@nmbmicrofinance.com,http://www.cleanvillage.com.np
NMBMFP,NMB Microfinance Bittiya Sanstha Ltd.,Microfinance,Promoter Share,Active,surya.thapa@nmbmicrofinance.com,http://www.cleanvillage.com.np
NMBPNP,NMB Perpetual Non Cumulative Preference Share-2081/82-8.25%,Commercial Banks,Preference Shares,Active,pramod.dahal@nmb.com.np,http://www.nmb.com.np
NMBPO,NMB Bank Limited,Commercial Banks,Promoter Share,Active,pramod.dahal@nmb.com.np,http://www.nmb.com.np
NMBSF1,NMB Sulav Investment Fund-1,Commercial Banks,Mutual Funds,Delisted,pramod.dahal@nmb.com.np,http://www.nmb.com.np
NMBUR93/94,NMB Energy Bond 4% - 2093/94,Commercial Banks,Non-Convertible Debentures,Active,pramod.dahal@nmb.com.np,http://www.nmb.com.np
NMFBS,National Laghubitta Bittiya Sanstha Limited,Microfinance,Equity,Active,hofficenmfbs@gmail.com,http://www.nationalmicrofinance.com.np
NMFBSP,National Laghubitta Bittiya Sanstha Limited,Microfinance,Promoter Share,Active,hofficenmfbs@gmail.com,http://www.nationalmicrofinance.com.np
NMIC,Nepal Micro Insurance Company Limited,Non Life Insurance,Equity,Active,info@nepalmicro.com,www.nepalmicro.com
NMICP,Nepal Micro Insurance Company Limited,Non Life Insurance,Promoter Share,Active,info@nepalmicro.com,www.nepalmicro.com
NMLBBL,Nerude Mirmire Laghubitta Bittiya Sanstha Limited,Microfinance,Equity,Active,info@nerudemirmire.com.np,https://www.nerudemirmire.com.np
NMLBBLP,Nerude Mirmire Laghubitta Bittiya Sanstha Ltd.,Microfinance,Promoter Share,Active,info@nerudemirmire.com.np,https://www.nerudemirmire.com.np
NNFC,Narayani National Finance Limited,Finance,Equity,Delisted,info@nnfl.com.np,http://www.nnfl.com.np
NNFCPO,Narayani National Finance Limited,Finance,Promoter Share,Inactive,info@nnfl.com.np,http://www.nnfl.com.np
NRIC,Nepal Reinsurance Company Limited,Others,Equity,Active,nepalre@ntc.net.np,www.nepalre.com.np
NRICP,Nepal Reinsurance Company Limited,Others,Promoter Share,Active,nepalre@ntc.net.np,www.nepalre.com.np
NRM,Nepal Republic Media Limited,Others,Equity,Active,info@nagariknews.com,www.nepalrepublicmedia.com
NRN,NRN Infrastructure and Development Limited,Investment,Equity,Active,nrn@nrnil.com,www.nrnil.com
NRNP,NRN Infrastructure and Development Limited,Investment,Promoter Share,Inactive,nrn@nrnil.com,www.nrnil.com
NSIF2,NMB Sulav Investment Fund - 2,Mutual Fund,Mutual Funds,Active,mutualfunds@nmbcl.com.np,www.nmbcl.com.np
NSLB,Naya Sarathi Laghubitta Bittiya Sanstha Limited,Microfinance,Equity,Delisted,nimdilen@gmail.com,
NSLBP,Naya Sarathi Laghubitta Bittiya Sanstha Limited,Microfinance,Promoter Share,Inactive,nimdilen@gmail.com,
NSLMB,Nepal Shree Lanka Merchant Banking & Finance Ltd,Finance,Equity,Delisted,abc@abc.com,
NSM,Nepal Share Markets Ltd.,Finance,Equity,Suspended,nsm@nsm.com,
NSMPO,Nepal Share Markets Ltd.,Finance,Promoter Share,Active,nsm@nsm.com,
NSY,Nepal Life Samriddhi Lagani Yojana,Life Insurance,Mutual Funds,Active,info@nepallife.com.np,www.nepallife.com.np
NTC,Nepal Doorsanchar Company Limited,Others,Equity,Active,cs.nt@ntc.net.np,www.ntc.net.np
NTL,Nepal Tading Limited,Tradings,Equity,Suspended,ntl@ntl.com,
NUBL,Nirdhan Utthan Laghubitta Bittiya Sanstha Limited,Microfinance,Equity,Active,jagya.panta@nirdhan.com.np,www.nirdhan.com.np
NUBLPO,Nirdhan Utthan Laghubitta Bittiya Sanstha Limited,Microfinance,Promoter Share,Active,jagya.panta@nirdhan.com.np,www.nirdhan.com.np
NVG,Nepal Vanaspati Ghee Udhyog Limited,Manufacturing And Processing,Equity,Suspended,nvg@nvg.com,
NWC,Nepal Welfare Company Limited,Tradings,Equity,Suspended,nwc@nwc.com,
NWCL,Nepal Warehousing Company Limited,Others,Equity,Active,info@nwcl.com.np,www.nwcl.com.np
NYADI,Nyadi Hydropower Limited,Hydro Power,Equity,Active,nhl@nhl.com.np,www.nhl.com.np
ODBL,Om Development Bank Ltd.,Development Banks,Equity,Delisted,info@ombank.com.np,http://www.ombank.com.np
ODBLPO,Om Development Bank Ltd.,Development Banks,Promoter Share,Inactive,info@ombank.com.np,http://www.ombank.com.np
OFL,Om Finance Ltd.,Finance,Equity,Delisted,info@omfinance.com,http://www.omfinance.com
OFLPO,Om Finance Ltd.,Finance,Promoter Share,Inactive,info@omfinance.com,http://www.omfinance.com
OHL,Oriental Hotels Limited,Hotels And Tourism,Equity,Active,legal@radkat.com.np,
OMPL,Om Megashree Pharmaceuticals Limited,Manufacturing And Processing,Equity,Active,info@ommegashreepharmaceuticals.com,www.ommegashreepharmaceuticals.com
PADBL,Pacific Development Bank Limited,Development Banks,Equity,Delisted,info@pcific.com.np,
PADBLP,Pacific Development Bank Limited,Development Banks,Promoter Share,Inactive,info@pcific.com.np,
PBD84,10.15% Prime Debenture 2084,Commercial Banks,Non-Convertible Debentures,Active,santosh.baral@pcbl.com.np,www.primebank.com.np
PBD85,8.75 % Prime Debenture 2085,Commercial Banks,Non-Convertible Debentures,Active,santosh.baral@pcbl.com.np,www.primebank.com.np
PBD88,10% Prime Debenture 2088,Commercial Banks,Non-Convertible Debentures,Active,santosh.baral@pcbl.com.np,www.primebank.com.np
PBLD84,10% Prabhu Bank Debenture 2084,Commercial Banks,Non-Convertible Debentures,Active,amit.bhandari@prabhubank.com,
PBLD86,10.25% Prabhu Bank Debenture 2086,Commercial Banks,Non-Convertible Debentures,Active,amit.bhandari@prabhubank.com,
PBLD87,8.5% Prabhu Bank Debenture 2087,Commercial Banks,Non-Convertible Debentures,Active,amit.bhandari@prabhubank.com,
PBSL,Pathibhara Bikas Bank Limited,Development Banks,Equity,Delisted,pathibharabank@nns.com.np,
PCBL,Prime Commercial Bank Ltd.,Commercial Banks,Equity,Active,santosh.baral@pcbl.com.np,www.primebank.com.np
PCBLP,Prime Commercial Bank Ltd.,Commercial Banks,Promoter Share,Active,santosh.baral@pcbl.com.np,www.primebank.com.np
PCIL,Palpa Cement Industries Limited,Manufacturing And Processing,Equity,Active,info@rmcnepal.com,www.tansencement.com
PDB,Public Development Bank Limited,Development Banks,Equity,Delisted,info@pdb.com.np,
PDBL,Paschimanchal Bikash Bank Limited,Development Banks,Equity,Delisted,pbbl@pbbl.com,
PDBLPO,Grameen Bikas Laghubitta Bittiya Sanstha Ltd.,Microfinance,Promoter Share,Active,info@gblbs.com.np,http://www.grameenbanknepal.com
PFC,Paschimanchal Finance Co. Ltd.,Finance,Equity,Delisted,paficol@gmail.com,
PFCL,Peoples Finance Ltd.,Finance,Equity,Delisted,pfcl@pfcl.com,
PFCLL,Premier Finance Co. Ltd.,Finance,Equity,Delisted,abc@abc.com,
PFCLPO,Peoples Finance Ltd.,Finance,Promoter Share,Inactive,pfcl@pfcl.com,
PFCPO,Paschimanchal Finance Co. Ltd.,Finance,Promoter Share,Inactive,paficol@gmail.com,
PFIL,Prudential Finance Company Limited,Finance,Equity,Delisted,info@pbsl.com.np,
PFILPO,Prudential Finance Company Limited,Finance,Promoter Share,Inactive,info@pbsl.com.np,
PFL,Pokhara Finance Ltd.,Finance,Equity,Suspended,info@pokharafinance.com.np,
PFLBS,Patan Finance Limited,Finance,Equity,Delisted,pafl@pafl.com,
PFLBSP,Patan Finance Limited,Finance,Promoter Share,Inactive,pafl@pafl.com,
PFLPO,Pokhara Finance Ltd.,Finance,Promoter Share,Inactive,info@pokharafinance.com.np,
PGBL,Purwanchal Grameen Bikash Bank Limited,Development Banks,Equity,Delisted,gbbn@wlink.com.np,http://www.grameenbirat.com.np
PHCL,Peoples Hydropower Company Limited,Hydro Power,Equity,Active,peoples.hydro5@gmail.com,https://peopleshydro.com.np/
PICL,Prudential Insurance Co. Ltd.,Non Life Insurance,Equity,Delisted,info@pil.com.np,http://www.pil.com
PICLPO,Prudential Insurance Co. Ltd.,Non Life Insurance,Promoter Share,Inactive,info@pil.com.np,http://www.pil.com
PLIP,Prabhu Mahalaxmi Life Insurance Limited,Life Insurance,Promoter Share,Inactive,kishor.lamichhane@pmlil.com,www.pmlil.com
PMHPL,Panchakanya Mai Hydropower Ltd,Hydro Power,Equity,Active,panchakanyamai@gmail.com,
PMLI,Prabhu Mahalaxmi Life Insurance Limited,Life Insurance,Equity,Active,kishor.lamichhane@pmlil.com,www.pmlil.com
PMLIP,Prabhu Mahalaxmi Life Insurance Limited,Life Insurance,Promoter Share,Active,kishor.lamichhane@pmlil.com,www.pmlil.com
PPCL,Panchthar Power Compant Limited,Hydro Power,Equity,Active,ppchewa@gmail.com,www.ppcl.com.np
PPL,People's Power Limited,Hydro Power,Equity,Active,peoplespowerltd@gmail.com,www.peoplespower.com.np
PRBBL,Prabhu Bikas Bank Limited,Development Banks,Equity,Delisted,info@prabhufin.com.np,
PRBL,Professional Bikas Bank Ltd.,Development Banks,Equity,Delisted,info@prbl.com.np,
PRDBL,Professional Diyalo Bikas Bank Ltd.,Development Banks,Equity,Delisted,diyalobank@gmail.com,http://www.diyalobank.com.np
PRDBLP,Professional Diyalo Bikas Bank Ltd.,Development Banks,Promoter Share,Inactive,diyalobank@gmail.com,http://www.diyalobank.com.np
PRFLPO,Prabhu Bank Limited,Commercial Banks,Promoter Share,Active,amit.bhandari@prabhubank.com,
PRIN,Prabhu Insurance Ltd.,Non Life Insurance,Equity,Active,info@prabhuinsurance.com,http://www.prabhuinsurance.com
PRINPO,Prabhu Insurance Limited,Non Life Insurance,Promoter Share,Active,info@prabhuinsurance.com,http://www.prabhuinsurance.com
PROFL,Progressive Finance Limited,Finance,Equity,Active,info@pfltd.com.np,http://www.pfltd.com.np
PROFLP,Progressive Finance Limited,Finance,Promoter Share,Active,info@pfltd.com.np,http://www.pfltd.com.np
PRSF,Prabhu Smart Fund,Mutual Fund,Mutual Funds,Active,info@prabhucapital.com,www.prabhucapital.com
PRVU,Prabhu Bank Limited,Commercial Banks,Equity,Active,amit.bhandari@prabhubank.com,
PRVUPO,Prabhu Bank Limited,Commercial Banks,Promoter Share,Active,amit.bhandari@prabhubank.com,
PSDBLP,Civil Bank Ltd,Commercial Banks,Promoter Share,Active,hirakaji.basnet@civilbank.com.np,
PSF,Prabhu Select Fund,Commercial Banks,Mutual Funds,Active,amit.bhandari@prabhubank.com,
PURBL,Purnima Bikas Bank Ltd.,Development Banks,Equity,Delisted,shailesh@purnimabank.com,
PURBLP,Purnima Bikas Bank Ltd.,Development Banks,Promoter Share,Inactive,shailesh@purnimabank.com,
PURE,Pure Energy Limited,Others,Equity,Active,info@pureenergynepal.com,https://pureenergynepal.com/
RADHI,Radhi Bidyut Company Ltd,Hydro Power,Equity,Active,info@radhibidyut.com.np,www.radhibidyut.com.np
RARA,Rara Bikas Bank Limited,Development Banks,Equity,Delisted,rdbl@ntc.net.np,
RAWA,Rawa Energy Development Limited,Hydro Power,Equity,Active,rawa.hydro@gmail.com,www.rawaenergy.com.np
RBBBL,Raptibheri Bikas Bank Ltd.,Development Banks,Equity,Delisted,raptibherimis@yahoo.com,
RBBBLP,Raptibheri Bikas Bank Ltd.,Development Banks,Promoter Share,Inactive,raptibherimis@yahoo.com,
RBBD2088,7% RBBL Debenture 2088,Commercial Banks,Non-Convertible Debentures,Active,info.rbb@rbb.com.np,www.rbb.com.np
RBBD83,8.5% RBBL Debenture 2083,Commercial Banks,Non-Convertible Debentures,Active,info.rbb@rbb.com.np,www.rbb.com.np
RBBF40,RBB Focus 40,Mutual Fund,Mutual Funds,Active,rbbmbl@rbbmbl.com.np,www.rbbmbl.com.np
RBCL,Rastriya Beema Company Limited,Non Life Insurance,Equity,Active,info@rbcl.gov.np,
RBCLPO,Rastriya Beema Company Limited,Non Life Insurance,Promoter Share,Active,info@rbcl.gov.np,
RBSL,Resunga Bikas Bank Limited,Development Banks,Equity,Delisted,resungabank@ntc.net.np,
RDBL,Rising Development Bank Ltd.,Development Banks,Equity,Delisted,info@risingbank.com,
REDBL,Reliable Development Bank Limited,Development Banks,Equity,Delisted,info@reliablebank.com.np,http://www.reliablebank.com.np
REDBLP,Reliable Development Bank Limited,Development Banks,Promoter Share,Inactive,info@reliablebank.com.np,http://www.reliablebank.com.np
RFPL,River Falls Power Limited,Hydro Power,Equity,Active,riverfallshydropower@gmail.com,www.riverfallshydro.com.np
RHGCL,Rapti Hydro And General Construction Limited,Hydro Power,Equity,Active,info@raptihydro.com.np,www.raptihydro.com.np
RHPL,RASUWAGADHI HYDROPOWER COMPANY LIMITED,Hydro Power,Equity,Active,neupane.nar@gmail.com,www.rghpcl.com.np
RIDI,Ridi Power Company Limited,Hydro Power,Equity,Active,sayikanepal@gmail.com,
RIDIPO,Ridi Power Company Limited,Hydro Power,Promoter Share,Inactive,sayikanepal@gmail.com,
RJM,Raghupati Jute Mills Limited,Manufacturing And Processing,Equity,Suspended,account@srjml.com.np,
RLEL,Ridge Line Energy Limited,Hydro Power,Equity,Active,info@ridgeline.com.np,www.ridgeline.com.np
RLFL,Reliance Finance Ltd.,Finance,Equity,Active,loginnepse@reliancenepal.com.np,
RLFLPO,Reliance Finance Ltd.,Finance,Promoter Share,Active,loginnepse@reliancenepal.com.np,
RLI,Reliance Life Insurance Limited,Life Insurance,Equity,Delisted,info@relifeinsurance.com,www.relifeinsurance.com
RLIP,Reliance Life Insurance Limited,Life Insurance,Promoter Share,Inactive,info@relifeinsurance.com,www.relifeinsurance.com
RMBFPO,Nepal Credit And Commercial Bank Limited,Commercial Banks,Promoter Share,Inactive,corporate@nccbank.com.np,http://www.nccbank.com.np
RMDC,RMDC Laghubitta Bittiya Sanstha Ltd.,Microfinance,Equity,Delisted,rmdc@rmdcnepal.com,http://www.rmdcnepalc.com
RMDCPO,RMDC Laghubitta Bittiya Sanstha Ltd.,Microfinance,Promoter Share,Inactive,rmdc@rmdcnepal.com,http://www.rmdcnepalc.com
RMF1,RBB Mutual Fund 1,Mutual Fund,Mutual Funds,Active,rbbmbl@rbbmbl.com.np,www.rbbmbl.com.np
RMF2,RBB Mutual Fund 2,Mutual Fund,Mutual Funds,Active,rbbmbl@rbbmbl.com.np,www.rbbmbl.com.np
RNLI,Reliable Nepal Life Insurance Limited,Life Insurance,Equity,Active,share@reliablelife.com.np,https://reliablelife.com.np
RNLIP,Reliable Nepal Life Insurance Ltd,Life Insurance,Promoter Share,Active,share@reliablelife.com.np,https://reliablelife.com.np
RRHP,Rairang Hydropower Development Company Ltd.,Hydro Power,Equity,Delisted,sayikanepal@gmail.com,http://www.ridihydro.com.np
RSDC,RSDC Laghubitta Bittiya Sanstha Ltd.,Microfinance,Equity,Active,info@rsdcmf.com,www.rsdcmf.com
RSDCP,RSDC Laghubitta Bittiya Sanstha Ltd.,Microfinance,Promoter Share,Active,info@rsdcmf.com,www.rsdcmf.com
RSML,Reliance Spinning Mills Limited,Manufacturing And Processing,Equity,Active,info@reliancespinningnepal.com,https://www.reliancespinningnepal.com/
RSY,Reliable Samriddhi Yojana,Life Insurance,Mutual Funds,Active,share@reliablelife.com.np,https://reliablelife.com.np
RSY2,Reliable Samriddhi Yojana -2,Life Insurance,Mutual Funds,Active,share@reliablelife.com.np,https://reliablelife.com.np
RULB,Rastra Utthan Laghubitta Sanstha Limited,Microfinance,Equity,Delisted,info@rulbsl.com.np,www.rulbsl.com.np
RULBP,Rastra Utthan Laghubitta Sanstha Limited,Microfinance,Promoter Share,Inactive,info@rulbsl.com.np,www.rulbsl.com.np
RURU,Ru Ru Jalbidhyut Pariyojana Limited,Hydro Power,Equity,Active,contact@ruruhydro.com,www.ruruhydro.com
SABBL,Salapa Bikas Bank Limited,Development Banks,Equity,Active,info@salapabikasbank.com.np,www.salapabikasbank.com.np
SABBLP,Salapa Bikas Bank Limited,Development Banks,Promoter Share,Active,info@salapabikasbank.com.np,www.salapabikasbank.com.np
SABSL,Sabaiko Laghubitta Bittiya Sanstha Limited,Microfinance,Equity,Delisted,info@sabaikolaghubitta.com,www.sabaikolaghubitta.com
SABSLPO,Sabaiko Laghubitta Bittiya Sanstha Limited,Microfinance,Promoter Share,Inactive,info@sabaikolaghubitta.com,www.sabaikolaghubitta.com
SADBL,Shangrila Development Bank Ltd.,Development Banks,Equity,Active,info@shangrilabank.com,www.shangrilabank.com
SADBLP,SHANGRI-LA DEVELOPMENT BANK LIMITED,Development Banks,Promoter Share,Active,info@shangrilabank.com,www.shangrilabank.com
SAEF,Sanima Equity Fund,Commercial Banks,Mutual Funds,Delisted,sanima@sanimabank.com,www.sanimabank.com
SAEF2,Sanima Equity Fund-2,Commercial Banks,Mutual Funds,Active,sanima@sanimabank.com,www.sanimabank.com
SAFL,Sagarmatha Finance Limited,Finance,Equity,Delisted,info@sagarmatha.com.np,
SAFLPO,Sagarmatha Finance Limited,Finance,Promoter Share,Inactive,info@sagarmatha.com.np,
SAGAR,Sagar Distillery Limited,Manufacturing And Processing,Equity,Active,legal@sagardistilleries.com,www.sagardistilleries.com
SAGF,Sanima Growth Fund,Mutual Fund,Mutual Funds,Active,sanimacapital@sanimabank.com,www.sanima.capital
SAHAS,Sahas Urja Limited,Hydro Power,Equity,Active,surja@sahasurja.com,www.sahasurja.com
SAIL,Shreenagar Agritech Industries Limited,Manufacturing And Processing,Equity,Active,info@safnepal.com,www.safnepal.com
SAJHA,Sajha Bikas Bank Ltd.,Development Banks,Equity,Delisted,info@sajhabank.com.np,http://www.sajhabank.com.np
SAJHAP,Sajha Bikas Bank Ltd.,Development Banks,Promoter Share,Inactive,info@sajhabank.com.np,http://www.sajhabank.com.np
SALICO,Sagarmatha Lumbini Insurance Co. Limited,Non Life Insurance,Equity,Active,bishow.ad@sagarmathainsurance.com.np,
SALICOPO,Sagarmatha Lumbini Insurance Co. Limited,Non Life Insurance,Promoter Share,Active,bishow.ad@sagarmathainsurance.com.np,
SAMAJ,Samaj Laghubittya Bittiya Sanstha Limited,Microfinance,Equity,Delisted,samajlbsl@gmail.com,www.samajlaghubitta.org.np
SAMAJP,Samaj Laghubitta Bittiya Sanstha Ltd,Microfinance,Promoter Share,Inactive,samajlbsl@gmail.com,www.samajlaghubitta.org.np
SAND2085,10% Sanima Bank Limited Debenture,Commercial Banks,Non-Convertible Debentures,Active,sanima@sanimabank.com,www.sanimabank.com
SANIMA,Sanima Bank Limited,Commercial Banks,Equity,Active,sanima@sanimabank.com,www.sanimabank.com
SANIMAPNP,8.25% Sanima Perpetual Non Cumulative Preference Share,Commercial Banks,Preference Shares,Active,sanima@sanimabank.com,www.sanimabank.com
SANVI,Sanvi Energy Limited,Hydro Power,Equity,Active,energysanvi513@gmail.com,www.sanvienergy.com
SAPDBL,Saptakoshi Development Bank Ltd,Development Banks,Equity,Active,info@skdbl.com.np,www.skdbl.com.np
SAPDBLP,Saptakoshi Development bank Ltd,Development Banks,Promoter Share,Active,info@skdbl.com.np,www.skdbl.com.np
SAPIL,Sarvottam Paints Industries Limited,Manufacturing And Processing,Equity,Active,sarvottampaintsnepal@gmail.com,www.sarvottampaints.com
SARBTM,Sarbottam Cement Limited,Manufacturing And Processing,Equity,Active,info@sarbottamcement.com,www.sarbottamcement.com
SBBLJ,Sahayogi Bikas Bank Limited,Development Banks,Equity,Delisted,sahayogibank@yahoo.com,http://www.sahayogibank.com.np
SBBLJP,Sahayogi Bikas Bank Limited,Development Banks,Promoter Share,Inactive,sahayogibank@yahoo.com,http://www.sahayogibank.com.np
SBCF,Sunrise Bluechip Fund,Commercial Banks,Mutual Funds,Active,info@sunrisebank.com.np,
SBD87,8.5% Sanima Debenture 2087,Commercial Banks,Non-Convertible Debentures,Active,sanima@sanimabank.com,www.sanimabank.com
SBD89,10.25% Sanima Debenture 2089,Commercial Banks,Non-Convertible Debentures,Active,sanima@sanimabank.com,www.sanimabank.com
SBI,Nepal SBI Bank Limited,Commercial Banks,Equity,Active,cs@nsbl.com.np,https://nsbl.statebank
SBIBD86,10% Nepal SBI Bank Debenture 2086,Commercial Banks,Non-Convertible Debentures,Active,cs@nsbl.com.np,https://nsbl.statebank
SBID2090,7% Nepal SBI Bank Debenture 2090,Commercial Banks,Non-Convertible Debentures,Active,cs@nsbl.com.np,https://nsbl.statebank
SBID83,10.25% Nepal SBI Bank Debenture 2083,Commercial Banks,Non-Convertible Debentures,Active,cs@nsbl.com.np,https://nsbl.statebank
SBID89,9% Nepal SBI Bank Rinpatra 2089,Commercial Banks,Non-Convertible Debentures,Active,cs@nsbl.com.np,https://nsbl.statebank
SBIPO,Nepal SBI Bank Limited,Commercial Banks,Promoter Share,Active,cs@nsbl.com.np,https://nsbl.statebank
SBL,Siddhartha Bank Limited,Commercial Banks,Equity,Active,laxman.ghimire@sbl.com.np,www.siddharthabank.com
SBLD2082,10.50% SBL Debenture 2082,Commercial Banks,Non-Convertible Debentures,Delisted,laxman.ghimire@sbl.com.np,www.siddharthabank.com
SBLD2091,7.25% SBL Debenture 2091,Commercial Banks,Non-Convertible Debentures,Active,laxman.ghimire@sbl.com.np,www.siddharthabank.com
SBLD78,7.5% sbl debenture,Commercial Banks,Mutual Funds,Delisted,laxman.ghimire@sbl.com.np,www.siddharthabank.com
SBLD83,10.25% SBL Debenture 2083,Commercial Banks,Non-Convertible Debentures,Active,laxman.ghimire@sbl.com.np,www.siddharthabank.com
SBLD84,8.5% SBL Debenture 2084,Commercial Banks,Non-Convertible Debentures,Active,laxman.ghimire@sbl.com.np,www.siddharthabank.com
SBLD89,10.75% SBL Debenture 2089,Commercial Banks,Non-Convertible Debentures,Active,laxman.ghimire@sbl.com.np,www.siddharthabank.com
SBLPNP,SBL 8.25% Perpetual Non Cumulative Preference Share,Commercial Banks,Preference Shares,Active,laxman.ghimire@sbl.com.np,www.siddharthabank.com
SBLPO,Siddhartha Bank Limited,Commercial Banks,Promoter Share,Active,laxman.ghimire@sbl.com.np,www.siddharthabank.com
SBPP,Shree Bhrikuti Pulp And Paper Limited,Manufacturing And Processing,Equity,Suspended,sbpp@sbpp.com,
SBSL,Shikhar Finance Limited,Finance,Equity,Delisted,sbsl@mail.com.np,http://www.shikharfinance.com.np
SCB,Standard Chartered Bank Limited,Commercial Banks,Equity,Active,Legal.Nepal@sc.com,www.sc.com/np
SCBD,10.30% Standard Chartered Bank Limited Debenture,Commercial Banks,Non-Convertible Debentures,Active,Legal.Nepal@sc.com,www.sc.com/np
SCBPO,Standard Chartered Bank Nepal Limited,Commercial Banks,Promoter Share,Active,Legal.Nepal@sc.com,www.sc.com/np
SDBD87,Shangri-la Development Bank Debenture 2087,Development Banks,Non-Convertible Debentures,Active,info@shangrilabank.com,www.shangrilabank.com
SDBL,Siddhartha Development Bank Ltd.,Development Banks,Equity,Delisted,info@sdbl.com.np,
SDBLPO,Siddhartha Development Bank Ltd.,Development Banks,Promoter Share,Inactive,info@sdbl.com.np,
SDESI,Swadeshi Laghubitta Bittiya Sanstha Ltd.,Microfinance,Equity,Delisted,audit@swadeshibank.com,
SDESIP,Swadeshi Laghubitta Bittiya Sanstha Ltd.,Microfinance,Promoter Share,Inactive,audit@swadeshibank.com,
SDFL,Suryadarshan Finance Company Limited,Finance,Equity,Delisted,sdfcl@wlink.com.np,http://www.sdfinance.com.np
SEF,Siddhartha Equity Fund,Commercial Banks,Mutual Funds,Active,laxman.ghimire@sbl.com.np,www.siddharthabank.com
SEF2,Siddhartha Equity Fund 2,Commercial Banks,Mutual Funds,Active,laxman.ghimire@sbl.com.np,www.siddharthabank.com
SEOS,Siddhartha Equity Orineted Scheme,Commercial Banks,Mutual Funds,Delisted,laxman.ghimire@sbl.com.np,www.siddharthabank.com
SETI,Seti Finance Limited,Finance,Equity,Delisted,info@seti.com.np,
SETIPO,Seti Finance Limited,Finance,Promoter Share,Inactive,info@seti.com.np,
SEWA,Sewa Bikas Bank Limited,Development Banks,Equity,Delisted,info@sewabank.com.np,
SEWAPO,Sewa Bikas Bank Limited,Development Banks,Promoter Share,Inactive,info@sewabank.com.np,
SFC,Samjhana Finance Co. Ltd.,Finance,Equity,Suspended,sfc@sfc.com,
SFCL,Samriddhi Finance Company Limited,Finance,Equity,Suspended,cs@sfcl.com.np,sfcl.com.np
SFCLP,Samriddhi Finance Company Limited,Finance,Promoter Share,Inactive,cs@sfcl.com.np,sfcl.com.np
SFCPO,Samjhana Finance Co. Ltd.,Finance,Promoter Share,Inactive,sfc@sfc.com,
SFEF,Sunrise Focused Equity Fund,Commercial Banks,Mutual Funds,Active,info@sunrisecapital.com.np,www.sunrisecapital.com.np
SFFIL,Shrijana Finance (Bittaya Sanstha),Finance,Equity,Delisted,avu@avu.com,
SFFILP,Shrijana Finance (Bittaya Sanstha),Finance,Promoter Share,Inactive,avu@avu.com,
SFL,Siddharth Finance Ltd.,Finance,Equity,Delisted,sfl.bhwa@gmail.com,
SFLPO,Siddharth Finance Ltd.,Finance,Promoter Share,Inactive,sfl.bhwa@gmail.com,
SFMF,Sunrise First Mutual Fund,Commercial Banks,Mutual Funds,Active,piyush.aryal@laxmisunrise.com,www.laxmisunrise.com
SGHC,Swet-Ganga Hydropower & Construction Limited,Hydro Power,Equity,Active,sghcl@sanimahydro.com,www.swetgangahydropower.com
SGHL,Sanigad Hydro Limited,Hydro Power,Equity,Active,hydrosanigad@gmail.com,https://sanigadhydro.com.np
SGIC,Sanima GIC Insurance Limited,Non Life Insurance,Equity,Active,info@sgic.com.np,www.sgic.com.np
SGICP,Sanima GIC Insurance Limited,Non Life Insurance,Promoter Share,Active,info@sgic.com.np,www.sgic.com.np
SHBL,Sahara Bikas Bank Ltd.,Development Banks,Equity,Delisted,info@sahara.com,
SHBLPO,Sahara Bikas Bank Ltd.,Development Banks,Promoter Share,Inactive,info@sahara.com,
SHEL,Singati Hydro Energy Limited,Hydro Power,Equity,Active,shehydro@gmail.com,www.singatihydro.com
SHINE,Shine Resunga Development Bank Ltd.,Development Banks,Equity,Active,info@srdb.com.np,https://srdb.com.np/
SHINED,Shine Resunga Debenture,Development Banks,Non-Convertible Debentures,Active,info@srdb.com.np,https://srdb.com.np/
SHINEP,SHINE RESUNGA DEVELOPMENT BANK LTD,Development Banks,Promoter Share,Active,info@srdb.com.np,https://srdb.com.np/
SHIVM,SHIVAM CEMENTS LTD,Manufacturing And Processing,Equity,Active,info@shivamcement.com,www.shivamcement.com
SHL,Soaltee Hotel Limited,Hotels And Tourism,Equity,Active,lbkhatri@soaltee.com.np,http://www.soalteehotel.com
SHLB,Shrijanshil Laghubitta Bittiya Sanstha Limited,Microfinance,Equity,Active,info@shrijanshil.com.np,www.shrijanshil.org
SHLBP,Shrijanshil Laghubitta Baittiya sanstha Limited,Microfinance,Promoter Share,Active,info@shrijanshil.com.np,www.shrijanshil.org
SHPC,Sanima Mai Hydropower Ltd.,Hydro Power,Equity,Active,sanimamai@sanimahydro.com,www.maihydro.com
SICL,Shikhar Insurance Co. Ltd.,Non Life Insurance,Equity,Active,info@shikharinsurance.com,http://www.shikharinsurance.com
SICLPO,Shikhar Insurance Co. Ltd.,Non Life Insurance,Promoter Share,Active,info@shikharinsurance.com,http://www.shikharinsurance.com
SIFC,Shree Investment Finance Co. Ltd.,Finance,Equity,Active,info@shreefinance.com.np,http://www.shreefinance.com.np
SIFCPO,Shree Investment Finance Co. Ltd.,Finance,Promoter Share,Active,info@shreefinance.com.np,http://www.shreefinance.com.np
SIGS1,Siddhartha Investment Growth Scheme-1,Commercial Banks,Mutual Funds,Delisted,laxman.ghimire@sbl.com.np,www.siddharthabank.com
SIGS2,Siddhartha Investment Growth Scheme - 2,Commercial Banks,Mutual Funds,Active,laxman.ghimire@sbl.com.np,www.siddharthabank.com
SIGS3,Siddhartha Investment Growth Scheme 3,Commercial Banks,Mutual Funds,Active,laxman.ghimire@sbl.com.np,www.siddharthabank.com
SIKLES,Sikles Hydropower Limited,Hydro Power,Equity,Active,sikleshydro13mw@gmail.com,www.sikleshydro.com.np
SIL,Siddhartha Insurance Ltd.,Non Life Insurance,Equity,Delisted,info@siddharthainsurance.com,
SILPO,Siddhartha Insurance Ltd.,Non Life Insurance,Promoter Share,Inactive,info@siddharthainsurance.com,
SINDU,Sindhu Bikash Bank Ltd,Development Banks,Equity,Active,info@sindhubank.com.np,
SINDUP,Sindhu Bikash Bank Ltd,Development Banks,Promoter Share,Active,info@sindhubank.com.np,
SIPD,Shikhar power Development Limited,Hydro Power,Equity,Active,shikhar.power71@gmail.com,shikharpower.com.np
SJCL,SANJEN JALAVIDHYUT COMPANY LIMITED,Hydro Power,Equity,Active,sanjenhcl@gmail.com,www.sjcl.com.np
SJLIC,SuryaJyoti Life Insurance Company Limited,Life Insurance,Equity,Active,it@suryalife.com,
SJLICP,SuryaJyoti Life Insurance Company Limited,Life Insurance,Promoter Share,Active,it@suryalife.com,
SKBBL,Sana Kisan Bikas Laghubitta Bittiya Sanstha Limited,Microfinance,Equity,Active,info@skbbl.com.np,http://www.skbbl.com.np
SKBBLP,Sana Kisan Bikas Laghubitta Bittiya Sanstha Limited,Microfinance,Promoter Share,Active,info@skbbl.com.np,http://www.skbbl.com.np
SKDBL,Saptakoshi Development Bank Ltd.,Development Banks,Equity,Delisted,devi@skdbl.com.np,http://www.skdbl.com.np
SKDBLP,Saptakoshi Development Bank Ltd.,Development Banks,Promoter Share,Inactive,devi@skdbl.com.np,http://www.skdbl.com.np
SKHEL,Suryakunda Hydro Electric Limited,Hydro Power,Equity,Active,info@suryakundahydro.com.np,www.suryakundahydro.com.np
SKHL,Super Khudi Hydropower Limited,Hydro Power,Equity,Active,info@superkhudi.com.np,www.superkhudi.com.np
SLBBL,Swarojgar Laghubitta Bittiya Sanstha Ltd.,Microfinance,Equity,Active,info@slbbl.com.np,www.slbbl.com.np
SLBBLP,Swarojgar Laghubitta Bittiya Sanstha Ltd.,Microfinance,Promoter Share,Active,info@slbbl.com.np,www.slbbl.com.np
SLBS,Suryodaya Laghubitta Bittiya Sanstha Ltd.,Microfinance,Equity,Delisted,suryodayalaghubitta@gmail.com,
SLBSL,Samudayik Laghubitta Bittiya Sanstha Limited,Microfinance,Equity,Active,info@slbsl.com.np,www.slbsl.com.np
SLBSLPO,Samudayik Laghubitta Bittiya Sanstha Limited,Microfinance,Promoter Share,Active,info@slbsl.com.np,www.slbsl.com.np
SLBSP,Suryodaya Laghubitta Bittiya Sanstha Ltd.,Microfinance,Promoter Share,Inactive,suryodayalaghubitta@gmail.com,
SLCF,Sanima Large Cap Fund,Commercial Banks,Mutual Funds,Active,sanima@sanimabank.com,www.sanimabank.com
SLFL,Subha Laxmi Finance Co. Ltd.,Finance,Equity,Delisted,subhalaxmi@wsn.com.np,http://www.shubhalaxmifinance.com.np
SMATA,Samata Gharelu Laghubitta Bittiya Sanstha Limited,Microfinance,Equity,Active,samata@samata.org.np,www.samata.org.np
SMATAP,Samata Gharelu Laghubitta Bittiya Sanstha Limited,Microfinance,Promoter Share,Active,samata@samata.org.np,www.samata.org.np
SMB,Support Microfinance Bittiya Sanstha Ltd.,Microfinance,Equity,Active,smicrofinance7@gmail.com,https://supportmicrofinance.com.np/
SMBPO,Support Lagubitta Bittiya Sanstha Limited,Microfinance,Promoter Share,Active,smicrofinance7@gmail.com,https://supportmicrofinance.com.np/
SMF,Swastik Merchant Finance Co. Ltd.,Finance,Equity,Delisted,info@smfcl.com.np,http://www.smfcl.com.np
SMFBS,Swabhimaan Laghubitta Bittiya Sanstha Limited,Microfinance,Equity,Active,info@swabhimaanlaghubitta.com.np,www.swabhimaanmicrofinance.com
SMFBSP,Swabhumaan Laghubitta Bittiya Sanstha Ltd,Microfinance,Promoter Share,Active,info@swabhimaanlaghubitta.com.np,www.swabhimaanmicrofinance.com
SMFDB,Summit Laghubitta Bittiya Sanstha Limited,Microfinance,Equity,Delisted,slbsl2065@gmail.com,
SMFDBP,Summit Micro Finance Development Bank Ltd.,Microfinance,Promoter Share,Inactive,slbsl2065@gmail.com,
SMH,Super Mai Hydropower Limited,Hydro Power,Equity,Active,supermaihydropower@gmail.com,www.supermaihydro.com.np
SMHL,Super Madi Hydropower Limited,Hydro Power,Equity,Active,supermadihydro@gmail.com,www.supermadihydro.com.np
SMJC,Sagarmatha Jalabidhyut Company Limited,Hydro Power,Equity,Active,sagarmathahydropower@gmail.com,https://sagarmathajbc.com.np
SMPDA,Sampada Laghubitta Bittiya Sanstha Limited,Microfinance,Equity,Active,laxman.paudel@sampadalaghubitta.com.np,https://www.sampadalaghubitta.com.np/
SMPDAP,Sampada Laghubitta Bittiya Sanstha Limited,Microfinance,Promoter Share,Active,laxman.paudel@sampadalaghubitta.com.np,https://www.sampadalaghubitta.com.np/
SNLI,Sun Nepal Life Insurance Company Limited,Life Insurance,Equity,Active,info@snlic.com.np,https://www.snlic.com.np/
SNLIP,Sun Nepal Life Insurance Company Limited,Life Insurance,Promoter Share,Active,info@snlic.com.np,https://www.snlic.com.np/
SNMAPO,Sanima Bank Limited,Commercial Banks,Promoter Share,Active,sanima@sanimabank.com,www.sanimabank.com
SNORL,Snow Rivers Limited,Hydro Power,Equity,Active,info@snowrivers.com.np,www.snowrivers.com.np
SODBL,Society Development Bank Ltd.,Development Banks,Equity,Delisted,himchulibbs@wlink.com.np,
SODBLP,Society Development Bank Ltd.,Development Banks,Promoter Share,Inactive,himchulibbs@wlink.com.np,
SOHL,Solu Hydropower Limited,Hydro Power,Equity,Active,info@soluhydro.com,www.soluhydro.com
SONA,Sonapur Minerals And Oil Limited,Manufacturing And Processing,Equity,Active,finance@sonacement.com,www.sonacement.com
SOPL,Sopan Pharmaceuticals Limited,Manufacturing And Processing,Equity,Active,info@sopanpharma.com,www.sopanpharma.com
SPARS,Sparsha Laghubitta Bittiya Sanstha Limited,Microfinance,Equity,Delisted,info@sparshamicrofinance.com,www.sparshamicrofinance.com
SPARSPO,Sparsha Laghubitta Bittiya Sanstha Limited,Microfinance,Promoter Share,Inactive,info@sparshamicrofinance.com,www.sparshamicrofinance.com
SPC,Samling Power Company Limited,Hydro Power,Equity,Active,info@spcl.com.np,spcl.com.np
SPDL,Synergy Power Development Ltd.,Hydro Power,Equity,Active,email.synergy@gmail.com,www.synergyhydro.com
SPHL,Sayapatri Hydropower Limited,Hydro Power,Equity,Active,sayapatrihydropowerlimited@gmail.com,www.sayapatrihydropowerlimited.com
SPIL,Siddhartha Premier Insurance Limited,Non Life Insurance,Equity,Active,premier@picl.com.np,
SPILPO,Siddhartha Premier Insurance Limited,Non Life Insurance,Promoter Share,Active,premier@picl.com.np,
SPL,Shuvam Power Limited,Hydro Power,Equity,Active,shuvampower@gmail.com,www.shuvamhydro.com.np
SRBL,Sunrise Bank Limited,Commercial Banks,Equity,Delisted,info@sunrisebank.com.np,
SRBLD83,10.25% Sunrise Bank Debenture 2083,Commercial Banks,Non-Convertible Debentures,Active,info@sunrisebank.com.np,
SRBLPO,Sunrise Bank Limited,Commercial Banks,Promoter Share,Inactive,info@sunrisebank.com.np,
SRD80,10% Sunrise Debenture 2080,Commercial Banks,Non-Convertible Debentures,Delisted,info@sunrisebank.com.np,
SRLI,Sanima Reliance Life Insurance Limited,Life Insurance,Equity,Active,info@sanimareliancelife.com,www.sanimareliancelife.com
SRLIP,Sanima Reliance Life Insurance Limited,Life Insurance,Promoter Share,Active,info@sanimareliancelife.com,www.sanimareliancelife.com
SRS,Shree Ram Sugar Mills Limited,Manufacturing And Processing,Equity,Suspended,srs@srs.com,
SSHL,Shiva Shree Hydropower Ltd,Hydro Power,Equity,Active,shivashreehydropowerltd@gmail.com,www.shivashreehdyro.com
STC,Salt Trading Corporation,Tradings,Equity,Active,legalstcnepal@gmail.com,www.stcnepal.com
STFL,Standard Finance Ltd.,Finance,Equity,Delisted,abc@abc.com,
STFLPO,Standard Finance Ltd.,Finance,Promoter Share,Inactive,abc@abc.com,
SUBBL,Subhechha Bikas Bank Limited,Development Banks,Equity,Delisted,info@subbl.com.np,
SUBBLP,Subhechha Bikas Bank Limited,Development Banks,Promoter Share,Inactive,info@subbl.com.np,
SUPRME,Supreme Development Bank Ltd.,Development Banks,Equity,Delisted,anna@anna.com,
SUPRMP,Supreme Development Bank Ltd.,Development Banks,Promoter Share,Inactive,anna@anna.com,
SWASTIK,Swastik Laghubitta Bittiya Sanstha Limited,Microfinance,Equity,Active,swastik.financeanditdepart@gmail.com,www.swastikmicrofinance.com
SWASTIKP,SWASTIK LAGHUBITTA BITTIYA SANSTHA LTD.,Microfinance,Promoter Share,Active,swastik.financeanditdepart@gmail.com,www.swastikmicrofinance.com
SWBBL,Swabalamban Laghubitta Bittiya Sanstha Limited,Microfinance,Equity,Active,finance@swbbl.com.np,www.swbbl.com.np
SWBBLP,Swabalamban Laghubitta Bittiya Sanstha Limited,Microfinance,Promoter Share,Active,finance@swbbl.com.np,www.swbbl.com.np
SWMF,Suryodaya Womi Laghubitta Bittiya Sanstha Limited,Microfinance,Equity,Active,pramesh.acharya@swmfi.com.np,www.swmfi.com.np
SWMFPO,Suryodaya Womi Laghubitta Bittiya Sanstha Limited,Microfinance,Promoter Share,Active,pramesh.acharya@swmfi.com.np,www.swmfi.com.np
SYFL,Synergy Finance Ltd.,Finance,Equity,Delisted,abc@abc.com,
SYFLPO,Synergy Finance Ltd.,Finance,Promoter Share,Inactive,abc@abc.com,
SYPNL,SY Panel Nepal Limited,Manufacturing And Processing,Equity,Active,synepal34@gmail.com,https://synepal.com/about.php
TAMOR,Sanima Middle Tamor Hydropower Limited,Hydro Power,Equity,Active,middletamor@sanimahydro.com,https://middletamor.com/
TBBL,Triveni Bikas Bank Limited,Development Banks,Equity,Delisted,triveni@trivenibank.com.np,http://www.trivenibank.com.np
TBBLP,Triveni Bikas Bank Limited,Development Banks,Promoter Share,Inactive,triveni@trivenibank.com.np,http://www.trivenibank.com.np
TDBL,Tourism Development Bank Limited,Development Banks,Equity,Delisted,info@tdbl.com.np,http://www.tdbl.com.np
TDBLPO,Tourism Development Bank Limited,Development Banks,Promoter Share,Inactive,info@tdbl.com.np,http://www.tdbl.com.np
TMDBL,Tinau Mission Development Bank Limited,Development Banks,Equity,Delisted,reporting@tinaumissionbank.com,www.tinaumissionbank.com
TMDBLP,Tinau Mission Development Bank Ltd,Development Banks,Promoter Share,Inactive,reporting@tinaumissionbank.com,www.tinaumissionbank.com
TNBL,Tinau Development Bank Limited,Development Banks,Equity,Delisted,reporting@tinaubank.com,
TNBLPO,Tinau Development Bank Limited,Development Banks,Promoter Share,Inactive,reporting@tinaubank.com,
TPC,Terhathum Power Company Limited,Hydro Power,Equity,Active,terathumpc@gmail.com,http://terhathumpower.com/
TPKHL,Taksar Pikhuwa Khola Hydropower Limited,Hydro Power,Equity,Active,taksarpikhuwahpp2017@gmail.com,tpkhp.com.np
TRH,Taragaon Regency Hotel Limited,Hotels And Tourism,Equity,Active,info@taragaon.com,
TRHPR,Taragaon Regency Hotels Ltd. Preference Share,Hotels And Tourism,Preference Shares,Delisted,info@taragaon.com,
TSHL,Three Star Hydropower Limited,Hydro Power,Equity,Active,sapsu2016@gmail.com,threestarhydro.com
TTL,Trade Tower Limited,Others,Equity,Active,info@tradetower.com.np,
TVCL,Trishuli Jal Vidhyut Company Limited,Hydro Power,Equity,Active,tjvclshare2080@gmail.com,
UAIL,United Ajod Insurance Limited,Non Life Insurance,Equity,Active,info@uail.com.np,www.unitedajodinsurance.com
UAILPO,United Ajod Insurance Limited,Non Life Insurance,Promoter Share,Active,info@uail.com.np,www.unitedajodinsurance.com
UBBL,Udhyam Bikas Bank Limited,Development Banks,Equity,Delisted,edbl@wlink.com.np,
UFCL,Union Finance Co. Ltd.,Finance,Equity,Delisted,ufl@union.com.np,
UFCLPO,Union Finance Co. Ltd.,Finance,Promoter Share,Inactive,ufl@union.com.np,
UFIL,Unique Finance Ltd.,Finance,Equity,Delisted,unique@uniquefinance.com.np,
UFILPO,Unique Finance Ltd.,Finance,Promoter Share,Inactive,unique@uniquefinance.com.np,
UFL,United Finance Ltd.,Finance,Equity,Delisted,shesh.dhungana@ufl.com.np,http://www.ufl.com.np
UFLK,Universal Finance Ltd.,Finance,Equity,Delisted,uflk@uflk.com,
UFLKPO,Universal Finance Ltd.,Finance,Promoter Share,Inactive,uflk@uflk.com,
UFLPO,United Finance Ltd.,Finance,Promoter Share,Inactive,shesh.dhungana@ufl.com.np,http://www.ufl.com.np
UHEWA,Upper Hewakhola Hydropower Company Limited,Hydro Power,Equity,Active,upperhewahpc@gmail.com,upperhewahpc.com.np
ULBSL,Upakar Laghubitta Bittiya Sanstha Limited,Microfinance,Equity,Active,upakar.banke1@gmail.com,www.ulbsl.com.np
ULBSLPO,Upakar Laghubitta Bittiya Sanstha Limited,Microfinance,Promoter Share,Active,upakar.banke1@gmail.com,www.ulbsl.com.np
ULHC,Upper Lohore Khola Hydropower Company Limited,Hydro Power,Equity,Active,upperlohore.hydro@gmail.com,www.ulkhp.com
ULI,Union Life Insurance Company Limited,Life Insurance,Equity,Delisted,kapil@unionlife.com.np,www.unionlife.com.np
ULIP,UnionLife Insurance Co. Ltd.,Life Insurance,Promoter Share,Inactive,kapil@unionlife.com.np,www.unionlife.com.np
UMHL,United Modi Hydropower Ltd.,Hydro Power,Equity,Active,unitedmodi@ntc.net.np,www.umh.com.np
UMRH,United IDI Mardi RB Hydropower Limited.,Hydro Power,Equity,Active,unitedidimardi7mw@gmail.com,www.idimardihydro.com.np
UNHPL,Union Hydropower Limited,Hydro Power,Equity,Active,unionhppl@gmail.com,www.unionhydropower.com.np
UNL,Unilever Nepal Limited,Manufacturing And Processing,Equity,Active,unl.shareholdersconnect@unilever.com,https://www.unilevernepal.com/
UNLB,Unique Nepal Laghubitta Bittiya Sanstha Limited,Microfinance,Equity,Active,info@unlbsl.com.np,https://uniquenepalmicrofinance.com.np
UNLBP,Unique Nepal Laghubitta Bittiya Sanstha Limited,Microfinance,Promoter Share,Active,info@unlbsl.com.np,https://uniquenepalmicrofinance.com.np
UPCL,UNIVERSAL POWER COMPANY LTD,Hydro Power,Equity,Active,universal2067@gmail.com,www.universalpowercompany.com.np
UPPER,Upper Tamakoshi Hydropower Ltd,Hydro Power,Equity,Active,office@utkhpl.org.np,www.tamakhosihydro.org.np
USHEC,Upper Solu Hydro Electric Company Limited,Hydro Power,Equity,Active,ushec@info.com.np,www.ushec.com.np
USHL,Upper Syange Hydropower Limited,Hydro Power,Equity,Active,upper.syange@gmail.com,www.uppersyange.com
USLB,Unnati Sahakarya Laghubitta Bittiya Sanstha Limited,Microfinance,Equity,Active,gwagle99@gmail.com,https://unnatislbs.com.np
USLBP,Unnati Sahakarya Laghubitta Bittiya Sanstha Limited,Microfinance,Promoter Share,Active,gwagle99@gmail.com,https://unnatislbs.com.np
VFL,Valley Finance Limited,Finance,Equity,Delisted,info@valley.com.np,
VLBS,Vijaya laghubitta Bittiya Sanstha Ltd.,Microfinance,Equity,Active,vlbs@vlbs.com.np,https://vlbs.com.np
VLBSPO,Vijaya laghubitta Bittiya Sanstha Ltd.,Microfinance,Promoter Share,Active,vlbs@vlbs.com.np,https://vlbs.com.np
VLUCL,Vision Lumbini Urja Company Limited,Hydro Power,Equity,Active,urja@visionlumbini.com.np,www.visionlumbiniurja.com
WDBL,Western Development Bank Limited,Development Banks,Equity,Delisted,wdbldang@yahoo.com,http://www.wdbldang.com.np
WDBLPO,Western Development Bank Limited,Development Banks,Promoter Share,Inactive,wdbldang@yahoo.com,http://www.wdbldang.com.np
WNLB,Wean Nepal Laghubitta Bittiya Sanstha Limited,Microfinance,Equity,Suspended,nepalseva@gmail.com,www.weannepal.com
WNLBP,Wean Nepal Laghubitta Bittiya Sanstha Limited,Microfinance,Promoter Share,Inactive,nepalseva@gmail.com,www.weannepal.com
YFL,Yeti Finance Ltd.,Finance,Equity,Delisted,yfl@yfl.com,
YFLPO,Yeti Finance Ltd.,Finance,Promoter Share,Inactive,yfl@yfl.com,
YHL,Yak And Yeti Hotel Limited,Hotels And Tourism,Equity,Suspended,yhl@yhl.com,
YMHL,Yambaling Hydropower Limited,Hydro Power,Equity,Active,yambaling@gmail.com,https://yambalinghydropower.com.np
ZFL,Zenith Finance Limited,Finance,Equity,Delisted,info@zenith.com.np,
